{"type":"FeatureCollection","features":[{"type":"Feature","id":"04","properties":{"ostan":"04","province_name":"آذربایجان غربی"},"geometry":{"type":"Polygon","coordinates":[[[45.31466362400006,36.24124058900003],[45.26641570200008,36.253484319000066],[45.304457228000054,36.275780496000074],[45.261679839000074,36.30280162800006],[45.26633020700008,36.326053561000094],[45.28218979900005,36.33790602800013],[45.268443589000086,36.373952912000085],[45.27567157800007,36.38168538000008],[45.27164710700005,36.39464484200009],[45.252093205000044,36.40499010100013],[45.25222405800008,36.415751109000084],[45.241437023000046,36.420313352000065],[45.23823404900004,36.43461041800008],[45.157851593000046,36.41824119300008],[45.15055659400009,36.40593329600007],[45.114315268000034,36.407209555000094],[45.07825775900006,36.43245875500007],[45.07624195700004,36.45672592900011],[45.061457641000054,36.4655603570001],[45.05430201100006,36.48369266400006],[45.055092015000085,36.50782335200006],[45.014703252000054,36.52015106200005],[45.00673859100004,36.528883058000126],[45.00478408200008,36.55185408600006],[45.03780592400006,36.56390090500001],[45.028139194000076,36.606293428000086],[45.062797561000025,36.61621168400007],[45.069011440000075,36.63095745000007],[45.063837009000075,36.68939772900008],[45.031963231000084,36.7298264040001],[45.03075920500006,36.74131181000009],[45.012155049000064,36.747365998000106],[45.005399736000086,36.7588542920001],[44.968688835000094,36.75431147000009],[44.93992143300006,36.78737355600008],[44.91505633500003,36.77678917800008],[44.85393090800003,36.77693211100011],[44.84217950500006,36.785075794000086],[44.839405501000044,36.818869849000066],[44.86074065600008,36.83512972700006],[44.86197611700003,36.84780735600005],[44.893567992000044,36.8594877520001],[44.91152002700006,36.89984015700004],[44.91212547500004,36.92094487800009],[44.883369140000084,36.95854351900006],[44.90645255900008,37.011458405000084],[44.895594036000034,37.029931837000085],[44.86716499300007,37.03439975900008],[44.85298757400006,37.04963442100004],[44.817573955000064,37.04130432800004],[44.80395232600005,37.04983466100008],[44.798644286000076,37.06905373600008],[44.778390283000086,37.07704996700008],[44.78456032800006,37.09396198100007],[44.74806139400005,37.11987356000007],[44.785156381000036,37.14727497300006],[44.785374656000045,37.16857815800012],[44.76673460100007,37.18448130700007],[44.75331623400007,37.235144933000086],[44.79939097300007,37.260368588000105],[44.81413317700003,37.27843010100005],[44.79954030500004,37.31158332900007],[44.769338060000074,37.33080281000011],[44.71660527100005,37.35015606700006],[44.72460467200006,37.3571588630001],[44.72082000300002,37.37743120100009],[44.65743723300006,37.387656576000026],[44.65694922300003,37.40255402800008],[44.63550898800003,37.41904618900004],[44.63121661300004,37.43251813300005],[44.589393579000046,37.440369697000065],[44.58056624000008,37.448495743000116],[44.58699185200004,37.454518200000074],[44.58675521100003,37.474878874000105],[44.599077941000075,37.477702407000045],[44.61015180700009,37.50058548300008],[44.58845426700003,37.511216701000095],[44.59978533600003,37.51753695200011],[44.61202051800008,37.546951269000054],[44.60014594700004,37.558309901000065],[44.6123283250001,37.56602406500011],[44.60689968300006,37.57054077300009],[44.61334080100005,37.573167419000114],[44.61422492400005,37.602729389000075],[44.56821766600008,37.6452068130001],[44.57478756900009,37.66752179200008],[44.59225633700005,37.674202112000074],[44.59506659900008,37.68366697900008],[44.62491205800006,37.708306937000046],[44.615965757000026,37.729273232000054],[44.59484272200009,37.749195481000065],[44.59125525500009,37.763934423000094],[44.55487064300008,37.7820666230001],[44.52607047700007,37.78421164700009],[44.472334239000084,37.76596973800007],[44.45159898400008,37.76907365200004],[44.44339416000003,37.77693653400011],[44.44996412600007,37.78689160900011],[44.44882852100005,37.80778936000013],[44.425242658000066,37.80027673600009],[44.41239654700008,37.81829815800007],[44.39556211700007,37.822051231000074],[44.39146388300004,37.830086996000055],[44.40506600800008,37.84908836800003],[44.38904836200003,37.863944331000056],[44.35634878400005,37.86498036500009],[44.319782908000036,37.87845056600004],[44.29578797900008,37.86712336800013],[44.28185494600007,37.87355723200006],[44.26368537300006,37.86927830700006],[44.22084853700007,37.890233630000054],[44.23115549900007,37.901867788000075],[44.22571695400006,37.908644016000075],[44.23434233500009,37.92911875800009],[44.250730372000085,37.94459414200004],[44.23878326700003,37.957778051000055],[44.23953657700007,37.967309098000065],[44.26857389100008,37.99475257100006],[44.267167771000054,38.004288238000086],[44.27947484300008,38.02286321500007],[44.30772927000005,38.04519293900011],[44.299025969000084,38.052046803000074],[44.31857025500004,38.06536241500011],[44.30793518800006,38.07528634100005],[44.32805225400006,38.08035890700008],[44.33050713600007,38.100211063000096],[44.363942191000035,38.1060223270001],[44.34940191500005,38.133608856000066],[44.389633181000086,38.14896002700007],[44.39036924700008,38.169203641000074],[44.404980781000056,38.19213757300006],[44.39624369400009,38.19975725700009],[44.40264659400004,38.20779657800008],[44.39625741700007,38.24374865500006],[44.41930230700007,38.26771952600006],[44.45673546600005,38.28416193900007],[44.470228986000066,38.30208638600006],[44.49026184600007,38.30531519400011],[44.491605456000066,38.32017698200012],[44.48448752700006,38.348302507000064],[44.455254263000036,38.35908634900009],[44.45092029100005,38.384303673000026],[44.38063876500008,38.36121548600008],[44.36228737600005,38.37668736400013],[44.330632298000076,38.3710870030001],[44.30975459100004,38.38578213800007],[44.31190835800005,38.402511846000095],[44.32554701300007,38.413416738000095],[44.31696842900004,38.41460734800008],[44.317408744000026,38.43367040100005],[44.30203203200006,38.44758247500006],[44.31250506100009,38.4784177860001],[44.32359610800006,38.485690354000084],[44.32048511700004,38.49794929200006],[44.33000151100006,38.50028694700009],[44.30938649200006,38.53086271800008],[44.31746292700008,38.55145954900011],[44.31359070200007,38.563387974000136],[44.324626231000046,38.57840300100004],[44.31577837200007,38.61061126600006],[44.322536172000085,38.61814199100009],[44.30967359200009,38.63534351300007],[44.26953090000005,38.65101285900008],[44.27989997900005,38.659418681000055],[44.28306485800007,38.676458021000045],[44.27173170400005,38.684168046000096],[44.27021171800004,38.70425029000009],[44.25366969600004,38.72009727700009],[44.279762838000075,38.73467021700006],[44.27662586400007,38.7446263200001],[44.289895254000044,38.760218363000085],[44.28391780700008,38.77360513600009],[44.28687441500006,38.79276983000009],[44.29865411000004,38.80989035300009],[44.28584746800002,38.84019099800004],[44.26704302700008,38.85073482300005],[44.25319498100007,38.84729024200005],[44.24134950500008,38.85749616000006],[44.23788597600005,38.87578505200003],[44.21279869700005,38.89140481200009],[44.209716516000086,38.89891416700008],[44.21889674000006,38.91872782900006],[44.20002322300008,38.922950682000085],[44.18738045700008,38.93677442400009],[44.19905619900003,38.94869463500005],[44.18207685500007,38.95689324400009],[44.18801570000005,38.9761227980001],[44.165260221000054,38.99274858700007],[44.17907297700005,39.01205101500007],[44.21138598800009,39.022287133000084],[44.19831053200006,39.04129509700005],[44.20027315800008,39.06133485400011],[44.19039092000005,39.076798360000076],[44.22264215900005,39.098822705000075],[44.209154764000075,39.135128005000084],[44.16645615500008,39.17749927600007],[44.11523274100005,39.18986523800005],[44.101442778000035,39.20303430400004],[44.09690914900005,39.216368637000095],[44.10755210300005,39.24220326200006],[44.08440265400004,39.25060010400008],[44.095795918000086,39.27830377600006],[44.1068472090001,39.287698535000104],[44.078862822000076,39.295255792000084],[44.07539532700009,39.33199519900008],[44.054461272000026,39.347917894000055],[44.055800677000036,39.35683713200012],[44.02809520200003,39.372664957000076],[44.04314761700005,39.38556818000009],[44.05883803800006,39.38818909200006],[44.04938456400005,39.40439471800007],[44.070052689000086,39.413260861000026],[44.0966388850001,39.41331346000007],[44.11328671400005,39.40310372800009],[44.13734464400006,39.40743369200003],[44.13894194100004,39.39815366800009],[44.18918064800006,39.40421529400005],[44.194918092000094,39.41335525000009],[44.226324596000026,39.424655851000104],[44.241454087000086,39.40167396000006],[44.26634849800007,39.39917155300005],[44.293508676000044,39.376132446000085],[44.312780241000034,39.38999926700007],[44.33012055200006,39.38855231500008],[44.37647854200004,39.412198520000075],[44.426133572000026,39.41923213100006],[44.428668253000055,39.440965524000035],[44.41001974000007,39.472782107000086],[44.43980183300007,39.500457495000056],[44.41630755800003,39.555453569000115],[44.42221900700009,39.56831042300009],[44.46625590500005,39.60291206900006],[44.48015305500008,39.62286115200006],[44.48614856400007,39.649264840000086],[44.480952719000086,39.69334295500006],[44.61514689300003,39.78347726000006],[44.638030926000056,39.733092530000086],[44.672356772000064,39.715540660000045],[44.719225672000064,39.710624298000035],[44.757935594000074,39.67818016900007],[44.75446112500004,39.67224677600009],[44.809384486000056,39.64127048600007],[44.81827342900006,39.61501679500004],[44.85761515600006,39.602581307000065],[44.86836187400008,39.61583237300006],[44.87949906300005,39.61384391500011],[44.87161330400006,39.59687430800008],[44.89438644400008,39.59602569400006],[44.88841757000006,39.58268773500004],[44.91509704100008,39.56614682700008],[44.90842232600006,39.56139143900007],[44.90614791200006,39.54134917100006],[44.91871403300007,39.53465372800012],[44.91051281600005,39.52653252800009],[44.93685003600007,39.51338737300007],[44.95160259900007,39.494945409000046],[44.93869187700005,39.489800138000135],[44.95023547800009,39.48530244400009],[44.93721855300006,39.48217927500013],[44.94849715700008,39.47414656900005],[44.94019995800006,39.461511043000044],[44.94639627800007,39.45353730500006],[44.976551097000026,39.450984065000085],[44.96058412200008,39.44327980500007],[44.96471957200006,39.42400559100005],[45.02250737200006,39.40709323900008],[45.044450158000096,39.38233232500007],[45.05759763200006,39.38279773200005],[45.06306535700003,39.36656153400004],[45.08693072900007,39.35167812800009],[45.08130074200005,39.33478153100008],[45.10101212000007,39.334467407000055],[45.10844522800006,39.31186004900009],[45.128071258000034,39.3034768490001],[45.11974825300008,39.28862594700011],[45.14056494700004,39.28635199900004],[45.135547612000046,39.272782382000095],[45.148053405000056,39.26499155200003],[45.14958924400003,39.20761273700007],[45.178173671000096,39.22358988900006],[45.199621895000064,39.20525731000006],[45.21617508800006,39.20968005900009],[45.22546303300005,39.19810037700007],[45.27697208400009,39.18168747600006],[45.30597416400009,39.19478367900008],[45.31773508600004,39.17581073000009],[45.35064936400004,39.15272478500006],[45.404852583000036,39.09350408300004],[45.40275116600005,39.074688453000086],[45.43467696500007,39.054472972000056],[45.456769125000065,39.052696200000106],[45.437641267000075,39.01521362100007],[45.45134484000006,38.995376521000004],[45.44703651200006,38.98825211900007],[45.371094995000085,38.96576651200014],[45.36657275500006,38.95288012800011],[45.35565024100004,38.947317172000055],[45.35566012500006,38.921647143000094],[45.34201362000004,38.919126306000116],[45.339736476000056,38.9048418250001],[45.33362619800005,38.90438756700012],[45.33861467500004,38.89752423600005],[45.30102415000005,38.87792960800007],[45.27855866000005,38.87578774200008],[45.26879748400007,38.8622490280001],[45.266515815000055,38.79534868400007],[45.25807976200007,38.789249471000076],[45.26923913500008,38.774330167000116],[45.26459008100008,38.73251408100005],[45.27102020100005,38.72381084900014],[45.25797581100006,38.71594170800011],[45.26171259200005,38.71018878800009],[45.25038490900005,38.69714842200009],[45.25274951200004,38.689313044000095],[45.23144765300004,38.66070634700008],[45.247838665000074,38.64677816200008],[45.25390425100006,38.6199752420001],[45.26361017200004,38.61539992900003],[45.25830408200005,38.590399558000094],[45.27194073300008,38.55367855700008],[45.293211954000064,38.541742198000094],[45.333194244000026,38.48113714800011],[45.308608469000035,38.45235245300006],[45.22583116300006,38.43306136700007],[45.22637504600004,38.416910402000106],[45.24177136000003,38.399223172000106],[45.22187102900005,38.389431227000095],[45.18906913700005,38.390424753000076],[45.089720192000094,38.318968575000056],[45.103615520000055,38.29712437800007],[45.120270203000075,38.238184867000044],[45.27480922100007,38.05326478200004],[45.354612801000044,37.93529780200006],[45.37662506200008,37.876187519000084],[45.38222764600007,37.84034927800011],[45.37255429000005,37.79247537600006],[45.391628404000095,37.73240590000008],[45.42663533000006,37.6914227020001],[45.521580950000065,37.612884068000014],[45.52137121100003,37.582831997000014],[45.46689620200004,37.539916945000094],[45.46756140300007,37.42901308600008],[45.49615741000009,37.364671403000074],[45.58086763700005,37.3170241880001],[45.63457130700005,37.30628560200009],[45.697566541000086,37.30435813900006],[45.71425366400006,37.24997610700005],[45.772810365000055,37.19996865600009],[45.84614756300006,37.17500639400009],[45.88318617400008,37.17156521700012],[45.932179065000064,37.17767737700011],[45.99993055300007,37.15783730300007],[46.01929725000009,37.13749876100006],[46.03392905500005,37.133413026000035],[46.06340397700007,37.08703746100013],[46.085366604000065,37.079631486000075],[46.10233195200004,37.058796352000066],[46.15433051400005,37.034922201000064],[46.154903652000044,37.01506964600005],[46.183096495000036,36.992999139000084],[46.176426270000036,36.982367429000114],[46.18630499600006,36.97467669700012],[46.18381264600005,36.961625042000065],[46.196366402444724,36.95344975402496],[46.215959736000066,36.95760395100007],[46.234468023000034,36.97465261300006],[46.28100298100003,36.96354876000007],[46.316263594000084,37.0243195310001],[46.372565252000086,37.06509165500009],[46.38765032500006,37.04788939700012],[46.410976048000066,37.04717913200006],[46.42364140100007,37.05970355200004],[46.439973735000095,37.10143914400008],[46.49584677800006,37.098331743000095],[46.496588429000035,37.06366337900009],[46.462536061000044,37.040684563000084],[46.45293428200008,37.023491962000044],[46.478850458000075,37.016940488000046],[46.52156694700007,37.02883743500009],[46.553067163000044,37.02601219400004],[46.65745185400006,37.04388526700006],[46.68308353200009,37.03895234200012],[46.679453894000055,37.06279659800007],[46.707193644000036,37.073367349000115],[46.750186757000066,37.05910139400003],[46.79943123300008,37.05441279500007],[46.83726249300003,37.02329672700008],[46.848060877000094,37.00325299000009],[46.83656508400004,36.96426435900001],[46.84754063300005,36.9300788030001],[46.90357810500009,36.90609819500003],[46.897356515000084,36.875951239000116],[46.90562495200006,36.86702053900007],[46.91450937500011,36.83139051400011],[46.926089432000026,36.82035343100008],[46.95892773800006,36.754565609000075],[47.00871167800006,36.75044527900012],[47.02696143800007,36.80817093000011],[47.092907307000075,36.83677970400008],[47.14327268900008,36.83397665200007],[47.15608689800008,36.804812035000076],[47.188013448000056,36.790750653000096],[47.31162006500007,36.66327936200003],[47.344857781000066,36.59842399600012],[47.37736514200004,36.564877530000054],[47.397280855000105,36.547535031000045],[47.44217851400003,36.53484929600009],[47.45324809900007,36.52488332400006],[47.45325381600003,36.50063822100007],[47.38303832800007,36.45128999900004],[47.37883967000005,36.44213331800009],[47.39401000100004,36.42125740600008],[47.41663054600008,36.40942946600009],[47.46413292700006,36.42810134300005],[47.51566793300004,36.42628171800008],[47.50768506200007,36.40292001800008],[47.51176387500004,36.38189308600004],[47.52503238900006,36.362821566000065],[47.465409869000055,36.318975844000114],[47.3890768190001,36.329163541000106],[47.31182839000008,36.259275742000064],[47.23649937100004,36.25145619300006],[47.11178854400005,36.25075851700006],[47.092060106000105,36.2556685210001],[47.00774282400005,36.321707220000086],[46.973704943000016,36.33584014200005],[46.89813603600005,36.34461385400009],[46.88649435300004,36.377243767000074],[46.87049217700007,36.38709982600008],[46.84144306700006,36.429403213000086],[46.82260127800005,36.43865226900006],[46.783054783000075,36.41779183200005],[46.754573238000035,36.41699470600003],[46.74794408300005,36.40915716700006],[46.72589977300005,36.41837495700003],[46.708822539000046,36.4053178820001],[46.69570628300006,36.40782844200006],[46.690767734000076,36.39992770800009],[46.66955816600006,36.393681852000086],[46.661347133000056,36.400523232000076],[46.591913806000036,36.39232187200006],[46.53943129700008,36.40017415900013],[46.49689962900005,36.41945346700008],[46.46006029500006,36.4192538980001],[46.44135224800006,36.40730268100006],[46.42445776500006,36.37461594700008],[46.408455247000056,36.3597851850001],[46.372635578000036,36.37170703200007],[46.30629285600002,36.377255805000125],[46.19895004700004,36.42990980600008],[46.155114003000065,36.466371761000126],[46.150902431000084,36.45915670600002],[46.12220680700007,36.456870962000075],[46.09919050600009,36.44407684700008],[46.06431907000007,36.44039255100009],[46.055579424000044,36.42066004600014],[46.010308736000084,36.43364534000008],[45.99106566100005,36.427784695000106],[45.981542188000056,36.39275247200005],[45.95817054900006,36.38795923400008],[45.95490570000003,36.38145852800007],[45.972026138000054,36.3162230690001],[45.971437956000045,36.268409444000035],[45.97966285400005,36.26885875200003],[45.913276523000036,36.23431602400009],[45.88003129300006,36.20719792200006],[45.86946320700008,36.17392517300007],[45.85077028500008,36.15176440300009],[45.832816444000066,36.15003568900007],[45.77405727200004,36.18615584600007],[45.74298003600008,36.180686568000084],[45.715151777000074,36.194615872000064],[45.68868195900007,36.19616398400006],[45.686563179000075,36.177227903000116],[45.65089899000005,36.16184831700011],[45.63797331500008,36.08308558600003],[45.62530125800005,36.077833137000056],[45.591079255000075,36.088814179000074],[45.58770442600008,36.07806381100006],[45.56886684400008,36.071392933000084],[45.56916528700004,36.05327669600012],[45.5877735920001,36.04241419700005],[45.566962693000065,36.01857207000006],[45.53167507700006,35.997283441000036],[45.48824521800002,36.00470613500009],[45.455673878000034,35.991805433000046],[45.43991078100004,36.00176621100009],[45.42509056400008,35.98496895500007],[45.41164215400006,35.98421674400002],[45.40815713100008,35.97156453200007],[45.39380556400004,35.96919779200009],[45.386809463000084,35.97630829500005],[45.375570844000045,35.972452685000086],[45.37328091800004,35.98538454100005],[45.355730091000076,35.97534477200005],[45.34676677000004,35.983171009000046],[45.351493023000046,35.98857729500004],[45.34241891400008,36.00972973000011],[45.353499900000045,36.03465307500006],[45.37190118400009,36.05227718100007],[45.38201231000006,36.08196618200005],[45.37060625900006,36.1057021400001],[45.35099296000006,36.110563064000125],[45.33896863600006,36.1344250650001],[45.327379840000056,36.14069605800006],[45.329247646000056,36.158370415000064],[45.31843601200006,36.18591915600008],[45.339061043000086,36.2027597440001],[45.31538270000005,36.22461439100005],[45.31466362400006,36.24124058900003]]]}},{"type":"Feature","id":"03","properties":{"ostan":"03","province_name":"آذربایجان شرقی"},"geometry":{"type":"Polygon","coordinates":[[[46.154951442000026,37.034254593000085],[46.10100502600005,37.05983527600011],[46.08379575200008,37.08072133800009],[46.06340405600008,37.0870374300001],[46.03392905500005,37.133413026000035],[46.01929760300003,37.13749880700008],[45.99993055300007,37.15783730300007],[45.932179065000064,37.17767737700011],[45.88318617400008,37.17156521700012],[45.84614756300006,37.17500639400009],[45.772810365000055,37.19996865600009],[45.71425366400006,37.24997610700005],[45.697566541000086,37.30435813900006],[45.63457130700005,37.30628560200009],[45.569739710000086,37.32121563500006],[45.49615741000009,37.364671403000074],[45.47713827000008,37.396818381000095],[45.465033216000066,37.449454821000096],[45.47127730400008,37.49749525500006],[45.46689620200004,37.539916945000094],[45.52137121100003,37.582831997000014],[45.521580950000065,37.612884068000014],[45.42663533000006,37.6914227020001],[45.391628404000095,37.73240590000008],[45.37255429000005,37.79247537600006],[45.38222764600007,37.84034927800011],[45.37662506200008,37.876187519000084],[45.349781421000046,37.94462264100007],[45.274809221302235,38.05326478168244],[45.120270203000075,38.238184867000044],[45.103615520000055,38.29712437800007],[45.089780470000065,38.31809851500008],[45.12674280700004,38.341054787000104],[45.1432261830001,38.36264270200011],[45.17009891000006,38.37313719700006],[45.18906913700005,38.390424753000076],[45.22187102900005,38.389431227000095],[45.24177136000003,38.39922317200013],[45.22637504600004,38.416910402000106],[45.22583116300006,38.43306136700007],[45.308608469000035,38.45235245300006],[45.333194244000026,38.48113714800011],[45.293211954000064,38.541742198000094],[45.27194073300008,38.55367855700008],[45.25830408200005,38.590399558000094],[45.26361017200004,38.61539992900003],[45.25390425100006,38.6199752420001],[45.247838665000074,38.64677816200008],[45.23144765300004,38.66070634700008],[45.25274951200004,38.689313044000095],[45.25038490900005,38.69714842200009],[45.26168197500006,38.71016050100011],[45.25797581100006,38.71594170800011],[45.27102020100005,38.72381084900014],[45.26459008100008,38.73251408100005],[45.26923913500008,38.774330167000116],[45.25807976200007,38.789249471000105],[45.266515815000055,38.79534868400007],[45.27018697100005,38.864940666000095],[45.27855866000005,38.87578774200008],[45.30102415000005,38.87792960800007],[45.33861467500004,38.89752423600005],[45.33362619800005,38.90438756700012],[45.339736476000056,38.9048418250001],[45.34201362000004,38.919126306000116],[45.35566012500006,38.921647143000094],[45.35565024100004,38.947317172000055],[45.36657275500006,38.95288012800011],[45.371094995000085,38.96576651200014],[45.392270518000046,38.97574138100007],[45.42323802500005,38.97732628500007],[45.45076769200006,38.99463985200003],[45.49878053600003,38.98446326200011],[45.54147093900007,38.96514692300011],[45.58064226900007,38.979002623000056],[45.58632868700005,38.96617228000008],[45.612900864000046,38.95502022100007],[45.61463257200005,38.94185034600009],[45.646252635000074,38.952271433000085],[45.69148657800011,38.95199140600006],[45.73707381000004,38.92804675500005],[45.76322494700004,38.930045128000124],[45.78571769200006,38.92007825200005],[45.79677961200009,38.925196763000066],[45.81487144500005,38.90594094400011],[45.82837578500005,38.90306216800014],[45.84796770800007,38.91083472100008],[45.86431410800005,38.90099582100008],[45.861327660000036,38.893484048000076],[45.90912948500005,38.874450593000084],[45.92519327500003,38.87769009600005],[45.94354422600002,38.897105438000054],[46.00901500500005,38.87272898600007],[46.04050052500003,38.87228007500007],[46.065032698000046,38.888016710000095],[46.08053079200008,38.87210298200008],[46.1113765490001,38.866088299000076],[46.12954358500007,38.8468563070001],[46.145323814000044,38.8426128620001],[46.183483883000065,38.84176507500011],[46.19292743400008,38.852200346000124],[46.21206694600005,38.85454866300009],[46.216537857000034,38.86509371600008],[46.246487644000084,38.874006283000064],[46.28172088900005,38.900737567000185],[46.29736536900006,38.9006995710001],[46.30262457500005,38.90719509600005],[46.31712177500004,38.90239780200009],[46.345413227000066,38.917621020000084],[46.393447770000094,38.90466318300007],[46.41628244400005,38.8925146130001],[46.41991940400004,38.883456433000056],[46.43148227200005,38.89491412100006],[46.45332491700004,38.89943841100015],[46.46525805400007,38.88896588000008],[46.483035200000074,38.88606568600007],[46.52380728800004,38.88897220600007],[46.52480857500009,38.87675227500008],[46.534462674000046,38.86790908100004],[46.55328351300009,38.884133733000105],[46.60021923100003,38.906262239000085],[46.63115005000003,38.94162253700016],[46.63845840900006,38.94218103400007],[46.64009008200005,38.95094624800005],[46.65508328800008,38.95535739900008],[46.6879938860001,38.99386098500005],[46.68301313300003,39.006603654000095],[46.69458279300005,39.01747111600006],[46.71990398100007,39.014353715000105],[46.751768542000036,39.02643656700011],[46.76038944600003,39.0372687030001],[46.75602226700005,39.05165439900002],[46.766264998000054,39.058839404000025],[46.764730330000084,39.068349615000066],[46.789427930000045,39.07888308100007],[46.794513126000034,39.091707790000044],[46.81783478500007,39.1036647650001],[46.81484078900008,39.10984645700007],[46.83814091700004,39.12378116100008],[46.84095565400003,39.139448117000086],[46.863271006000055,39.15080824400009],[46.877352686000044,39.14664344700006],[46.92265171400006,39.16342942400005],[46.93555288400005,39.15954236000007],[46.94949819900007,39.14030837300007],[46.96276864700008,39.140929617000104],[46.9926423700001,39.1550429860001],[46.99684949800007,39.16779033200008],[47.01836513500008,39.16768614000008],[47.05441282800008,39.19557505900012],[47.060685273212826,39.2068418800186],[47.05328512800004,39.216460326000075],[47.05765459900006,39.240881313000045],[47.07278744300006,39.24625232800004],[47.08084151000004,39.2660366200001],[47.09285955000008,39.26555895800004],[47.097726779000055,39.27690839800011],[47.12453564600003,39.278679416000095],[47.13007920700006,39.29052738100007],[47.146414282000094,39.29662616800009],[47.15912375400007,39.312071820000064],[47.1662039220001,39.308030080000094],[47.196517978000024,39.32116185300006],[47.215058890000115,39.32030521300003],[47.25074782797121,39.347272032948794],[47.309323519000024,39.369995733000074],[47.30790019900011,39.37725115900004],[47.326292962000025,39.386022680000075],[47.34106545800007,39.41219445400006],[47.36388283300004,39.42402963200009],[47.373368549000105,39.419721119000044],[47.42480456800007,39.354933385000045],[47.439632080000074,39.31926476500008],[47.47021676000005,39.29926778000013],[47.49911726600006,39.292145484000045],[47.49478346200005,39.26016792700009],[47.525895869000074,39.20488205800006],[47.5319949870001,39.16577575900006],[47.52446898200003,39.14072848800006],[47.53565089600008,39.10726183500007],[47.5210508600001,39.04571142900006],[47.52550097000007,39.03907630900007],[47.506725982000034,39.03322579700006],[47.52801534500002,39.01934063100006],[47.52410396500006,39.00730256300008],[47.50131936400004,38.9977613990001],[47.570244061000054,38.97471457800007],[47.56205323400011,38.962880708000064],[47.53475132100005,38.96106440700005],[47.523961212000096,38.9480790800001],[47.51661663600006,38.91607850900007],[47.52818289100002,38.895993747000055],[47.56849814400003,38.873080336000065],[47.57070105200006,38.83507593200004],[47.557265918000056,38.814182305000045],[47.52194958800005,38.805649780000074],[47.49882393000008,38.785311331000095],[47.45854083700006,38.77025138700008],[47.44961321700004,38.756106833000054],[47.51804600400005,38.718404006000114],[47.535494508000056,38.684967137000065],[47.56577040900005,38.64891565800012],[47.56714962000008,38.624458396000094],[47.555638438000074,38.56073210500009],[47.506596572994106,38.535397209826876],[47.49962865400008,38.51599589300005],[47.45180395900008,38.4606898610001],[47.42464804700008,38.391342165000026],[47.396472433000035,38.37417261200005],[47.37493622400008,38.34733539300007],[47.32974075200008,38.32260158200005],[47.31737929700214,38.30693409800012],[47.34010442800011,38.28252464200009],[47.37423343700004,38.26690812200008],[47.39927896800003,38.236806965000035],[47.49560319200004,38.24689706000007],[47.5155960380001,38.24205348700013],[47.52944105500006,38.22139657400006],[47.56373867700007,38.217065885000096],[47.60774111700006,38.22711566300011],[47.69228363900004,38.22437425700009],[47.71994499000005,38.19705044900008],[47.748114381000065,38.213130312000075],[47.77557944400008,38.20399167200005],[47.80416386100008,38.2413680390001],[47.80974780600008,38.21353528400006],[47.827497546000075,38.197972002000036],[47.83305629500008,38.18043173400005],[47.86044937900005,38.147415778000074],[47.86561877700007,38.08152543300005],[47.85743223700007,38.05148256500008],[47.86101408200006,38.03548713000004],[47.88092842500006,37.99623086100009],[47.93478101000005,37.94795170200008],[47.933627510000065,37.93498352100009],[47.91349288200008,37.92551440300009],[47.887434445000046,37.89921637800008],[47.89487537014866,37.86572245524698],[47.90663100100006,37.86055800700013],[47.94532401100003,37.875926432000064],[47.97419480900004,37.8731674650001],[47.99981204000005,37.89247528400004],[48.00850190700006,37.89164063300009],[48.01427240100003,37.88010876300012],[48.040711290000054,37.87391865600007],[48.04327942500004,37.85767151300012],[48.05607404300012,37.84664952900006],[48.10118850100009,37.851280227000125],[48.10268045600004,37.82394407500006],[48.127469996000066,37.82644014800012],[48.14152098000006,37.81679197300013],[48.13231426200008,37.780416787000036],[48.13694470500007,37.767661688000054],[48.10458397100009,37.749528122000115],[48.082992601000065,37.7280508960001],[48.02008066200006,37.63043357800009],[48.02874845200005,37.61141806900007],[48.07974758000006,37.58261322500011],[48.078127981885295,37.51328175146577],[48.08412911300007,37.50572539200007],[48.10213337700005,37.50334735900004],[48.11469196300004,37.48706689700008],[48.16408532900005,37.470406663000105],[48.16426137100007,37.42569121600011],[48.19822337799558,37.377666977387285],[48.23503288100006,37.37151328300007],[48.231923863000084,37.35425398700007],[48.246552821000094,37.337756513000066],[48.247621242000044,37.32274792300007],[48.25942582600004,37.32429919000006],[48.28589500700007,37.29507890800005],[48.296330069000085,37.29431920500009],[48.29526931000004,37.28234271100008],[48.303107519000044,37.27421677200006],[48.32013853100007,37.27638861000002],[48.32178839900009,37.26678983900009],[48.33198581600005,37.268903633000065],[48.3433072060001,37.24781034400008],[48.33651942600005,37.23974821800005],[48.294724803000065,37.245293909000075],[48.275835036000075,37.23751070300011],[48.237775600000084,37.23778959300007],[48.150273335000065,37.22112477600008],[48.12707519300006,37.19964809400009],[48.10509951700006,37.15636636000007],[48.09091890300005,37.14851876400007],[48.00423284300008,37.143630319000074],[47.95132058600007,37.167506602000074],[47.881162011000086,37.17472782900007],[47.84928664600007,37.1713981140001],[47.78892056500006,37.14991861000009],[47.77831075600007,37.130559790000106],[47.77349947600006,37.086844339000066],[47.68747186500007,37.086398089000106],[47.65886217500009,37.098340868000044],[47.63302615200009,37.078612846000084],[47.629969525000035,37.05861438800008],[47.59885996900005,37.03750814300005],[47.58628119000008,37.06490328800006],[47.54270626400007,37.06175907400008],[47.52602973300003,37.06762512700006],[47.52695625412779,37.07633015218948],[47.51104818500006,37.058486634000104],[47.50191842000005,37.00974704800009],[47.49246438800006,37.00000117900006],[47.45857505500005,36.98333996100009],[47.42912875900005,36.95777568800002],[47.37134948100007,36.93666639000003],[47.2998949650001,36.894558270000125],[47.29106751200009,36.87806154800009],[47.256897266000074,36.86582672400007],[47.20173749300007,36.80342297400009],[47.18366650100006,36.79255541100008],[47.171563788000086,36.796019302000055],[47.15432381100005,36.806850486000044],[47.143272689000106,36.83397665200007],[47.092907307000075,36.83677970400008],[47.02696143800007,36.80817093000011],[47.01131695200008,36.75165412100007],[46.997683314000035,36.74855345400007],[46.98472059000005,36.755652067000064],[46.95892777200004,36.75456561100007],[46.95352870200004,36.76141783200007],[46.897356515000084,36.875951239000116],[46.90357810500009,36.90609819500003],[46.84754063300005,36.9300788030001],[46.83656508400004,36.96426435900001],[46.848060877000094,37.00325299000009],[46.83726249300003,37.02329672700008],[46.79790160900006,37.05502327500007],[46.750186757000066,37.05910139400003],[46.70447344200006,37.073045953000104],[46.67945389379208,37.06279659750138],[46.68308353200009,37.03895234200012],[46.65745185400006,37.04388526700006],[46.55306731800009,37.02601222100006],[46.52156694700007,37.02883743500009],[46.47885103400006,37.01694035200006],[46.45293428200008,37.023491962000044],[46.462536061000044,37.040684563000084],[46.496588429000035,37.06366337900009],[46.49584677800006,37.098331743000095],[46.4399737348613,37.1014391440437],[46.42364140100007,37.05970355200004],[46.410976048000066,37.04717913200006],[46.38765032500006,37.04788939700012],[46.372565252000086,37.06509165500009],[46.316263594000084,37.0243195310001],[46.28100298100003,36.96354876000007],[46.23454202760092,36.974651843393076],[46.215959736000066,36.95760395100007],[46.1963664020001,36.95344975400009],[46.18381264600005,36.961625042000065],[46.18630499600006,36.97467669700012],[46.176426270000036,36.982367429000114],[46.183096495000036,36.992999139000084],[46.154903652000044,37.01506964600005],[46.154951442000026,37.034254593000085]]]}},{"type":"Feature","id":"19","properties":{"ostan":"19","province_name":"زنجان"},"geometry":{"type":"Polygon","coordinates":[[[48.23661607200006,35.72754145200004],[48.20110876800004,35.728905456000064],[48.14729448400004,35.779290162000066],[48.091713147000064,35.81312500800006],[48.04501295400007,35.813615197000054],[48.00159973600007,35.930592700000034],[47.97958738700004,35.927637573000055],[47.925018356000066,35.889480817000056],[47.89548988200005,35.879810432000056],[47.854706287000056,35.92842558400004],[47.90469051200006,35.951563110000066],[47.96181083600004,35.96429547400003],[47.97360266700008,35.97956037400009],[47.94722521800003,35.996077207000056],[47.87152260000005,35.99817253800009],[47.901522499000066,36.03142199900004],[47.93687268100007,36.034810163000046],[47.95390044800007,36.04848432000007],[47.964091558000064,36.067416158000086],[47.956171776000076,36.07765199600005],[47.931752182000025,36.08216177600008],[47.98474994400004,36.12777355000005],[47.99617477800007,36.146465001000024],[47.97289565600005,36.168153989000096],[47.97121072600004,36.20294944500008],[47.94612188600007,36.20885925600004],[47.932310561000065,36.22034227500009],[47.94274348700004,36.239749539000066],[47.92873883100003,36.271877928000066],[47.95384382300006,36.27739135900006],[47.931496410000086,36.320553793000066],[47.913225433000036,36.33261588600007],[47.75909918800005,36.37325366800008],[47.641231720000064,36.39050061000008],[47.62480097700006,36.39727000200003],[47.614935857000035,36.426177926000044],[47.589090974000044,36.433829913000075],[47.46413292700004,36.42810134300005],[47.42774168400007,36.40998674900007],[47.40329431000004,36.413041696000064],[47.37883967000005,36.44213331800008],[47.39639500100004,36.46247233900004],[47.45325381600003,36.50063822100007],[47.453248099000064,36.52488332400003],[47.442178514000034,36.53484929600009],[47.397281888000066,36.54753459100008],[47.37736514200003,36.564877530000054],[47.34485778100003,36.5984239960001],[47.31162006500006,36.66327936200003],[47.18366650100006,36.7925554110001],[47.231340842000066,36.83132367300007],[47.25689726600007,36.86582672400005],[47.29106751200004,36.878061548000076],[47.29989496500008,36.89455827000007],[47.37134948100004,36.936666390000035],[47.42912875900004,36.95777568800002],[47.45857505500004,36.98333996100008],[47.49246438800003,37.00000117900006],[47.50191837800003,37.00974701000009],[47.51104818500006,37.058486634000104],[47.52695625400003,37.07633015200003],[47.52602973300003,37.06762512700005],[47.54270626400006,37.06175907400008],[47.58628119000008,37.06490328800006],[47.598859969000046,37.03750814300002],[47.629969525000035,37.058614388000095],[47.63302615200007,37.07861284600007],[47.65886217500008,37.098340868000044],[47.68747186500008,37.08639808900006],[47.77349947600005,37.08684433900004],[47.77831075600005,37.130559790000085],[47.78892056500007,37.14991861000008],[47.860813234000034,37.17362087800007],[47.951320586000065,37.167506602000074],[48.004232843000075,37.143630319000074],[48.090918903000045,37.14851876400007],[48.10509951700004,37.15636636000007],[48.12707519300005,37.19964809400007],[48.150273335000065,37.22112477600008],[48.23360873000007,37.23723160900006],[48.275835036000046,37.23751070300006],[48.294724803000065,37.24529390900007],[48.33640170000007,37.238542288000104],[48.356049570000046,37.24802294400006],[48.41332217100006,37.248415370000046],[48.42758496000005,37.23874368100007],[48.42187162800008,37.223191473000064],[48.45295623800007,37.20742940200007],[48.46421196500007,37.213307871000055],[48.48183889100005,37.21000450200006],[48.476153683000064,37.205400311000076],[48.49060252400005,37.196101293000055],[48.478300767000064,37.17948127300009],[48.49470188000004,37.17768122900003],[48.49069606200004,37.17018984200007],[48.505960671000025,37.14055909400005],[48.54572833800006,37.13443394800005],[48.54751597000006,37.121121002000066],[48.568665587000055,37.12043799200007],[48.57932086000005,37.104441683000076],[48.59730545500003,37.10411192700011],[48.60924202900003,37.117865490000064],[48.65274477600008,37.126717333000066],[48.73762878700006,37.181211369000046],[48.74744032700006,37.17770577000006],[48.76574086000005,37.150675902000046],[48.78760101600005,37.137461481000074],[48.801068530000066,37.139240204000046],[48.80449362600007,37.15280112100006],[48.79461383100005,37.186308961000066],[48.80993231900004,37.19033786600006],[48.82953627200004,37.183822775000074],[48.83491645400005,37.15145102700008],[48.84804045100003,37.14303137900006],[48.85761871300008,37.14180427900007],[48.90235111000004,37.17082643100011],[48.91970812000005,37.17408264300009],[48.93142152400003,37.15139556000005],[48.95460490700003,37.13288982200003],[48.99721380200003,37.13728752500004],[49.090734127000076,37.11649476100009],[49.12486433700008,37.089739170000044],[49.14726696000008,37.060308811000034],[49.20454396900005,36.94852098900004],[49.23560208200007,36.909760704000085],[49.27583406300005,36.81520967000008],[49.23518636100005,36.78862800800006],[49.18340699000004,36.76905054900005],[49.14628305300005,36.77935429300007],[49.11139845400004,36.77343032700003],[49.068265619000044,36.699526947000045],[49.06761603700005,36.686106411000054],[49.01019174700008,36.6621134420001],[49.00331672000004,36.61044977600005],[48.971979231000034,36.55332420000007],[48.99438173300007,36.52545586700007],[49.05879013200007,36.49688455900012],[49.10861674000006,36.431182573000086],[49.18201762100006,36.39793524000007],[49.20203029600003,36.405897941000056],[49.26108812200005,36.39151097700006],[49.33294250900008,36.388187268000046],[49.33947732300004,36.38215089200004],[49.342762855000046,36.35427035500006],[49.35295277500006,36.343258340000034],[49.40387315000004,36.340048492000086],[49.41369703500004,36.29092449300004],[49.39991850600006,36.276164549000036],[49.397085762000074,36.222260571000064],[49.40195472900007,36.21132075700009],[49.43275359300003,36.189206363000054],[49.409309128000075,36.13083282400006],[49.41812715900005,36.10094641600004],[49.40757595900004,36.06244437500006],[49.38838565900005,36.04072595700008],[49.34105542800006,36.02027719000006],[49.33898301100004,36.00876596800005],[49.34943643300005,36.00209514400007],[49.330576678000064,35.99409942600006],[49.31050869500007,35.957547538000036],[49.23433077600004,35.97612530400005],[49.20079152728941,35.973565389041354],[49.170939256000054,35.95527368700005],[49.15296439400004,35.93092690500005],[49.13863811600004,35.937159977000114],[49.087469707000025,35.92325589700005],[49.07938956100003,35.904734278000056],[49.08694902600007,35.891556324000106],[49.05336753500006,35.86677434100007],[49.03500405500006,35.86864551200007],[49.004594517000044,35.90712004400009],[48.965859194000075,35.92212028800004],[48.91173911200008,35.95753151400006],[48.90126724400005,35.97119277500008],[48.86750132900005,35.96021426600006],[48.82753314200005,35.914421662000066],[48.784473672000054,35.884145878000034],[48.77475049800006,35.84497260900004],[48.75641741600003,35.82470024300009],[48.75280764900003,35.806086070000056],[48.725581377000026,35.76024787000008],[48.74713097500006,35.67613588100007],[48.73704700800005,35.64762665700007],[48.717709771000045,35.64230526100007],[48.66057933500008,35.599348997000064],[48.617878516000076,35.60157284300006],[48.573765395000066,35.58322000100004],[48.52557415400003,35.5883061050001],[48.45639249200008,35.62318825900011],[48.41471514800003,35.6280759740001],[48.310391035000066,35.67041062200009],[48.270560207000074,35.70719448500008],[48.23661607200006,35.72754145200004]]]}},{"type":"Feature","id":"06","properties":{"ostan":"06","province_name":"خوزستان"},"geometry":{"type":"Polygon","coordinates":[[[48.43728030874547,30.080485093270628],[48.39099303400012,30.11456164800015],[48.385680966610856,30.125164655852],[48.4135309175271,30.165065480279292],[48.41692028309961,30.18645509944475],[48.27832790500008,30.333257976000066],[48.246313268000144,30.34168177000005],[48.21799394700009,30.317716147000166],[48.207376211000145,30.322409553000185],[48.19399996000017,30.338641051000103],[48.18255482200015,30.406453870000117],[48.17298065900019,30.423447456000222],[48.14092831200934,30.441828489988076],[48.03417868400015,30.466448913000157],[48.02599560345921,30.504993020796753],[48.03388959000022,30.56297105800021],[48.03076144731481,31.005800440466906],[47.68379602900028,30.998928217000152],[47.68155362700009,31.35761579700014],[47.86212684200015,31.783295817999992],[47.846335778000096,31.809540830000145],[47.81356706600029,31.827287540000256],[47.80418908799999,31.840384215000174],[47.79826627500015,31.854678370000105],[47.8046892930002,31.88082345600001],[47.75065025900018,31.91396150000009],[47.73710034000012,31.933150339000232],[47.73442920400017,31.95515415700004],[47.71885677100017,31.970528505000036],[47.87135900000015,32.1121222860001],[47.84742096800018,32.163187716000195],[47.90584130400003,32.2262272640002],[47.9269948390002,32.23514884800016],[47.958344671000305,32.296238075000076],[47.97750101400011,32.29041891200009],[47.998449636000004,32.339713266000054],[48.036031102000024,32.35490022199998],[48.02227301800015,32.41188447500027],[48.020612236985066,32.50640773399977],[48.01360765400015,32.52635027300015],[48.000133586000025,32.534702550000134],[47.98069532100024,32.53452994200002],[47.97924990600016,32.52412613100021],[47.961987858000164,32.522133634000056],[47.95396368800001,32.513775348],[47.938642532000166,32.518033914000114],[47.95533545000014,32.53157443400014],[47.950520881000216,32.53884097900011],[47.94281332300021,32.53033621700017],[47.932459092999984,32.53506989100008],[47.93147267900008,32.545508679000136],[47.94453303300013,32.559292964000115],[47.93349512000004,32.561038883000045],[47.92034445500016,32.55224363500007],[47.900521851000164,32.56706332000022],[47.9105896230001,32.57791340100001],[47.93189821199998,32.57873851300015],[47.914833152000085,32.601033513],[47.93247180800003,32.598017056000145],[47.93835470100002,32.607519780000175],[47.95901774200008,32.61072405500016],[47.98515031100016,32.60743650199998],[47.987375231000016,32.614571381000154],[47.955048858999966,32.634103294000035],[47.965210460000094,32.651236491000255],[47.99999848400004,32.664030590000216],[47.99972491900008,32.67191443100016],[48.00873457100016,32.6771266610001],[48.05416355800017,32.67359981700012],[48.08470140800027,32.6888721140001],[48.085945500999955,32.700752477000165],[48.07663825400002,32.69644249800023],[48.061950189000136,32.7086490760001],[48.08443920100007,32.717018201000045],[48.08078749100009,32.728739464000064],[48.06785118800005,32.72769802600004],[48.0593229650002,32.73897972900014],[48.0660641340002,32.75118391600018],[48.059181183000064,32.758670086000166],[48.069139480000096,32.7634543170001],[48.05410729100013,32.775042854000226],[48.07030121500003,32.78928469000014],[48.057547091000075,32.7863483580002],[48.05094026800014,32.80685683200013],[48.085636927000145,32.80815448600016],[48.10146762200007,32.81579353900011],[48.11275325200005,32.83281954800012],[48.108062117000095,32.84795244200007],[48.1302233940002,32.87050466800012],[48.12855323900006,32.889505568],[48.144613708000044,32.90202479400012],[48.17364343800018,32.8953413950002],[48.18519808000017,32.89969326100019],[48.19820732900027,32.92248299800013],[48.24484117600017,32.953012351000076],[48.250000389000085,33.00805919600014],[48.26694730600011,33.01000855600022],[48.29041002300026,33.00001371300024],[48.50221935800004,32.96611839300018],[48.54627669300005,32.98480230100015],[48.58217606400012,32.97379572000007],[48.61907293100014,32.98576802200023],[48.69099310600011,32.95282495800013],[48.71326352000014,32.927634420000196],[48.718475924000174,32.89360288000014],[48.73023355600012,32.90248390100016],[48.739001151000146,32.89849924100015],[48.769134240000234,32.9260033300001],[48.76289085400015,32.94888665600021],[48.77590697300026,32.9544395660001],[48.76713144700004,32.95888194100003],[48.771156322000145,32.9647251350002],[48.84142258000018,32.94224097900022],[48.8588065640002,32.90778947000012],[48.87486853300017,32.90666862900003],[48.89544093100005,32.887206259000116],[48.994669711000235,32.906165555000136],[49.00669306800011,32.91510950800006],[49.00466093100008,32.907811674000136],[49.01363282200007,32.89803900100012],[49.06590593800003,32.9006557100002],[49.0929053020002,32.88291189800015],[49.12067948600009,32.88227053900012],[49.13857182400017,32.86650766100011],[49.16274329100014,32.87055372899999],[49.171521546000115,32.883310762000214],[49.21795018300015,32.8533241140001],[49.25901244300017,32.859453467000165],[49.27709713700012,32.84542871200016],[49.32562588700028,32.83686345900012],[49.302193526000195,32.82539274400004],[49.28952946399999,32.80473826100023],[49.27475472300007,32.817703849000104],[49.27313859500018,32.80943303300025],[49.29165364800011,32.79309141700005],[49.31324362400016,32.79864180400026],[49.33464311800008,32.838837676000146],[49.36953385900016,32.84226673800019],[49.40238173000009,32.816656655000095],[49.4197461120001,32.784843009000056],[49.43653288100015,32.77458236100022],[49.44597806000017,32.75055267700009],[49.46905398000011,32.736765758000196],[49.47283665600006,32.72688450800011],[49.50707123800004,32.717733962000025],[49.517942197,32.69037383200005],[49.5728306210001,32.64179902000016],[49.62162448900002,32.58007831500012],[49.69495077600002,32.51637538500009],[49.725887091000075,32.49834786000008],[49.78619481000005,32.43639524000004],[49.82615982200006,32.378732175000096],[49.86728757800009,32.34752075800015],[49.86828435000018,32.32885862500015],[49.91991951200006,32.267014098000125],[49.931197897000025,32.212974225000124],[49.94725797400015,32.177422421000166],[50.01521379200007,32.106754216000176],[50.1430238930002,32.00208572300001],[50.23429706600016,31.94604272200014],[50.25270791200015,31.905804881000115],[50.28294540500016,31.877794941000072],[50.28939192200018,31.863193962000175],[50.27818309300013,31.85780803500005],[50.282898719000165,31.846160620000177],[50.40440101000012,31.735425812000194],[50.408825905000086,31.72559892200018],[50.40066998400017,31.6911461530001],[50.4689924990003,31.62661830400025],[50.45685428700008,31.601615714000207],[50.39418642200022,31.598607384000122],[50.38163391000013,31.573990912000202],[50.36056454600013,31.55686521000016],[50.37792276100023,31.543835467000065],[50.362122115000055,31.531779865000175],[50.33461251400015,31.472900619000136],[50.2503798040002,31.41705248000022],[50.26927612500017,31.382945991000195],[50.298813969000044,31.359965201000183],[50.219918068000176,31.286902657000095],[50.20272676300017,31.287436125000163],[50.13602190700012,31.251465882000147],[50.064339581000155,31.279896247000092],[50.0443084250001,31.250375744000163],[49.962001085274466,31.214948647984688],[49.9479499570001,31.190407011000158],[49.97247797800008,31.15191070100018],[49.98066577100011,31.11856062800001],[49.952052551000044,31.080748787000115],[49.95050670800007,31.041941367000135],[49.93724410700019,31.01904077700014],[49.910053565000084,30.983898592000052],[49.88642973000005,30.96936598200009],[49.88502030500013,30.959803548000046],[49.92087083200009,30.92513877500006],[49.937055894000046,30.932662331000163],[49.95180181900012,30.92553575100025],[49.94779590700008,30.89137468300013],[49.96023388100018,30.87160954200011],[49.96663103300008,30.871813716000172],[49.96602990131949,30.8646073283135],[50.03353473000014,30.850792341000215],[50.063432491000164,30.830973139000058],[50.1059352190002,30.835973450000207],[50.13954828000011,30.852084426000097],[50.15926226900021,30.87054922400014],[50.16917780100003,30.90990510900021],[50.18059067600011,30.917457907000184],[50.216216800000126,30.898477612000157],[50.22538704700011,30.883196671000125],[50.22760697300013,30.84291439100007],[50.240949833000094,30.81507403400023],[50.23594011800012,30.766801821000204],[50.32316922500015,30.709302009000083],[50.394472762000234,30.726366722000133],[50.396329787999996,30.690149530000244],[50.41106767700004,30.67127022100012],[50.455901410000166,30.642044549000225],[50.52681712900019,30.609926461000185],[50.54678957800012,30.574300713000113],[50.54135211900003,30.561913993000214],[50.50168614300006,30.5306123360001],[50.3858938380001,30.528686208000156],[50.383818680000104,30.522170106000097],[50.425388734000094,30.446513984000166],[50.484178055,30.369349116000087],[50.50208091100006,30.324964527000247],[50.51035884000014,30.28357864700021],[50.50456753800021,30.223738924000013],[50.51300894900013,30.170043569000224],[50.46654942000006,30.184718914000022],[50.450544060000176,30.16938222200009],[50.443826737000016,30.17181402500018],[50.44466342300023,30.18293621500009],[50.42924913400016,30.17740952500015],[50.3995628630001,30.187991970000134],[50.30361446900018,30.234757918000135],[50.269324578000095,30.24065705100018],[50.24747042300023,30.25937329200021],[50.244114429000184,30.27666863300013],[50.21738289600015,30.281675158000187],[50.20292672900019,30.295177785000167],[50.165412409000076,30.20417340000021],[50.148263194000016,30.17741917500009],[50.14006637123928,30.17700673573802],[50.11237337014267,30.150702984725935],[50.08551801299527,30.188596814000192],[50.03839097405515,30.20998205079231],[49.974681876000005,30.215506702000084],[49.94207396900007,30.208640080000016],[49.88125214500006,30.184319904000034],[49.70686732200016,30.077823048000056],[49.59916701600027,30.017987276000166],[49.56201166500015,30.00490666100008],[49.51279838882306,30.059995813562747],[49.51965729674407,30.075313086381602],[49.50863253991953,30.13119608200334],[49.45270158099996,30.1619773300001],[49.389922067297015,30.15762353898458],[49.37334047900013,30.14356091400006],[49.37549984978039,30.153611764191577],[49.36581042450569,30.158462880741787],[49.299949647142554,30.147351591845055],[49.29237375800014,30.140660250000188],[49.19165906602862,30.132875887982976],[49.09992233280195,30.09824180892901],[49.12528409189388,30.252602871848044],[49.048904251000074,30.227547310000183],[48.975330829770186,30.251292232287952],[48.90211963288965,30.307326089660474],[48.883831423938624,30.31441073353744],[48.87245924900016,30.28918930800016],[48.892749914000134,30.264474800000066],[48.911334978750205,30.259138866101644],[48.92209992058446,30.247120106372858],[48.9314306718073,30.231428572529722],[48.928531621000204,30.214914243000248],[48.94649893800021,30.177850471000134],[48.9390946631996,30.13501217419562],[48.92129459289332,30.108260102745604],[48.93363198700005,30.08426004500026],[48.9180261110705,30.02775756259547],[48.922222077798175,30.03378493015867],[48.925487687000114,30.035065677000023],[48.92008601542434,30.027805942176457],[48.912670152,30.022735617000176],[48.88108826556365,30.010836516943694],[48.80176537921612,30.02409535273598],[48.694869120021245,30.016284427996343],[48.704349373014885,29.99412109703631],[48.68733163144775,29.99975329384597],[48.6825867630002,29.993771233000082],[48.69345469500015,29.922308549000086],[48.66070144611318,29.94059239337614],[48.65031772630691,29.932203667236124],[48.61892334100001,29.933675241000167],[48.45705115419809,29.98977312603902],[48.448629667638116,30.060235077434886],[48.43728030874547,30.080485093270628]]]}},{"type":"Feature","id":"18","properties":{"ostan":"18","province_name":"بوشهر"},"geometry":{"type":"MultiPolygon","coordinates":[[[[50.17516980400007,27.994126250000107],[50.17205270900007,27.989867014000044],[50.17083642335063,27.995580280842724],[50.17516980400007,27.994126250000107]]],[[[51.027776360000075,28.811382290000047],[50.998852238625126,28.806077724656355],[50.9411668187656,28.82167349377307],[50.89161249800003,28.818962011000064],[50.85233882500006,28.856164480000093],[50.829204738000044,28.89907663200007],[50.80457011062839,28.91998541681772],[50.81130223126639,28.961213582560926],[50.82505713771267,28.97407312054321],[50.83037461379117,28.996553072797195],[50.85672511040504,28.97577257202934],[50.88092439900004,28.986201923000074],[50.89254560813462,28.99960399440767],[50.90736567462919,28.993242706439098],[50.92268708900008,28.996874045000066],[50.91327799000004,29.000011597000032],[50.92047062470412,29.000013788084356],[50.9263557456104,29.03451203352856],[50.921942563525036,29.068805685929917],[50.89855524070905,29.070536551967134],[50.89871243500005,29.087078807000093],[50.89017395600007,29.09900424500004],[50.83496304800008,29.129849745000076],[50.76557544639779,29.12389992966905],[50.73881456200007,29.135595215000027],[50.69962057500004,29.12926731100006],[50.698908706000054,29.12419550900008],[50.64705413257628,29.124976459180804],[50.63860440360368,29.17476628414769],[50.65817955604469,29.232371735503843],[50.66548357290149,29.311189775172632],[50.66278529070893,29.400511955468186],[50.64528982383453,29.44649416307596],[50.60633230139775,29.463901870083745],[50.53954001774002,29.529668162847553],[50.50919352900007,29.548187317000046],[50.50061259129989,29.583876398220166],[50.47800280000007,29.611572794000054],[50.44919613424069,29.63706017964454],[50.41107375448842,29.653715011404294],[50.366773487000046,29.692857852000046],[50.32448583400003,29.735559063000057],[50.26403799588747,29.825229375244295],[50.18165755815967,29.908135834859845],[50.16280009827095,29.921985223905548],[50.13245855031246,29.929801329802704],[50.14488826216139,29.9998074068387],[50.144301097000046,30.064026781000077],[50.12867627482242,30.10959671923553],[50.09925641670136,30.150437968216707],[50.1123733701426,30.150702984725903],[50.14006637123924,30.17700673573802],[50.14826319399998,30.17741917500009],[50.18186738000003,30.23371994100006],[50.202926729000126,30.295177785000014],[50.217382772000065,30.28167521300006],[50.244114429000035,30.27666863300006],[50.24747042300004,30.2593732920001],[50.26932457800007,30.240657051000028],[50.30361446900008,30.234757918000085],[50.39956286300003,30.18799197000006],[50.42924913400003,30.177409525000023],[50.44466342300009,30.182936215000026],[50.443826735712136,30.171814026120092],[50.450544060000034,30.16938222200003],[50.46314593000006,30.183465097000084],[50.48464003600004,30.183497693000064],[50.57042278200004,30.148276136000057],[50.57738082700007,30.133146742000086],[50.57465870100003,30.10140297700009],[50.55460875300008,30.08261544500006],[50.56186702700006,30.068961146000063],[50.55002631200006,30.060341503000085],[50.553774462000035,30.042753318000077],[50.54890996700004,30.035883752000096],[50.56681878900008,30.022826951000066],[50.55866868700008,29.999343694000085],[50.56646032700007,29.981192736000025],[50.556929912000044,29.970990269000044],[50.57197854800006,29.95473216300006],[50.56497714000005,29.950436450000048],[50.56838592500003,29.943011412000047],[50.57824961500006,29.941886390000064],[50.58383260700003,29.930619088000064],[50.60582679300006,29.950541032000064],[50.64467401100006,29.95350360200007],[50.663679725000065,29.91741916500009],[50.68920702100007,29.907313445000064],[50.692201684000054,29.890444216000066],[50.71397487300005,29.882486459000084],[50.71000660800007,29.866394413000048],[50.70224860800005,29.872119728000037],[50.68629793900004,29.86277636400008],[50.683226587000036,29.871353426000038],[50.668152752000026,29.854978287000066],[50.68207190800007,29.819892238000094],[50.72919540000004,29.807665413000052],[50.735269594000044,29.79642901800005],[50.75588750600008,29.79915108000005],[50.799745769000026,29.786210588000085],[50.81744555800003,29.78951947800006],[50.857005567000044,29.772977279000052],[50.881169784000065,29.785682138000034],[51.01924113200005,29.781296048000062],[51.142642350000074,29.719404919000066],[51.16375472500005,29.729788825000075],[51.17324221500007,29.71846508700004],[51.19676352100004,29.71471934700004],[51.22716840900006,29.739310666000062],[51.25086867500005,29.716533442000088],[51.27205638300006,29.721094100000084],[51.32271355800003,29.66991930200004],[51.30042320000007,29.64498362800004],[51.26729719900004,29.641814333000077],[51.25352137100003,29.630369152000092],[51.25690334300003,29.60065528200007],[51.29660619500004,29.53532277500006],[51.294582424000055,29.527529315000038],[51.314235960000076,29.518187145000084],[51.31914213300007,29.502900412000034],[51.365589345000046,29.48614464500005],[51.39274817200005,29.46379505700005],[51.40535012000004,29.469061133000046],[51.413907109000036,29.463974372000067],[51.43214432100007,29.47890269000007],[51.44627722900003,29.47284004100006],[51.447565627000074,29.464954260000088],[51.452361720000056,29.469431958000047],[51.456271419000075,29.463464513000087],[51.48640663400005,29.464501097000063],[51.48598347400008,29.45106569800004],[51.51535244000007,29.454566882000073],[51.52147120700005,29.44076466500008],[51.533210075000056,29.442155642000074],[51.55660667500007,29.424747834000094],[51.550489835000064,29.421689569000062],[51.553747986000076,29.41384755800006],[51.59056269900003,29.392912390000053],[51.59308388900007,29.377675543000073],[51.604788248000034,29.366056580000087],[51.602879683000026,29.354835131000083],[51.625009325000065,29.326719254000075],[51.618582998000086,29.31360828900004],[51.63915017200003,29.286036440000032],[51.63525713000007,29.270552592000076],[51.646730697000066,29.270700877000042],[51.653712504000055,29.257731102000054],[51.666700164000076,29.253140975000086],[51.68372397600007,29.223520499000102],[51.70641103500003,29.205458229000058],[51.737030882000056,29.163483804000094],[51.764360304000036,29.144962739000057],[51.76030311300008,29.132016863000075],[51.770746219000046,29.11759451900006],[51.797333664000064,29.106383771000047],[51.794959006000056,29.097084579000082],[51.81385904200005,29.078240579000088],[51.813989193000054,29.067756094000085],[51.83878654100005,29.03526421400008],[51.81468887414563,29.02344357673347],[51.82379696700008,29.010801995000065],[51.89538320700007,28.95563514200008],[51.94282982500005,28.90331117700004],[51.94602419100005,28.87010712500009],[51.95399091000007,28.86707319800007],[51.95505236900004,28.852738464000034],[51.96510329800004,28.850152207000086],[51.963428445000034,28.83490958900008],[51.97506181700004,28.817665097000045],[51.97161583600007,28.80944353400001],[51.99227112300008,28.784788436000085],[51.99162994900007,28.721196032000023],[52.00761625100006,28.696203059000027],[52.00563748900004,28.669947177000054],[52.01349437200008,28.663582180000084],[52.005941275000055,28.652592088000077],[52.012687921000065,28.648169801000055],[52.01508451700005,28.60577044500008],[52.02077982800006,28.589610784000072],[52.035417074000065,28.58379672000008],[52.04368249500004,28.56798071000003],[52.03427029100004,28.549170566000058],[52.04963311800004,28.53180709800006],[52.04934291900003,28.522837152000083],[52.06601189600008,28.509081342000087],[52.07977901400005,28.46817769100006],[52.05567182300007,28.445512689000072],[52.06564152400006,28.427102706000014],[52.053352887000074,28.427123968000053],[52.08309980400003,28.363205484000048],[52.11641221600008,28.32671720000011],[52.111487701000044,28.311760724000067],[52.12153221400007,28.283703213000045],[52.11448127300008,28.273867469000038],[52.14023002000005,28.26620560400007],[52.141114823000066,28.25773582700006],[52.16523051300004,28.245200618000087],[52.17814977100005,28.217678984000038],[52.15644839500004,28.179458607000093],[52.12881063800006,28.17218064700007],[52.129914013000075,28.16706079400009],[52.15364389800004,28.163913763000057],[52.16284962135824,28.14496478247324],[52.286979675000055,28.03460095200007],[52.324024190000046,28.02830775100006],[52.31751489800007,27.98545952900002],[52.36523794500005,27.91344063700008],[52.380161402000056,27.917004509000048],[52.393842305513154,27.901253704754946],[52.44131212659073,27.88197629641292],[52.44893641175117,27.8562191158705],[52.439289837246655,27.844321992084293],[52.47510715400006,27.80651820300006],[52.48221373900003,27.812975451000057],[52.48837533200003,27.80982734300008],[52.491566069000044,27.78885964300004],[52.471819122000056,27.787547833000087],[52.443768437000074,27.772516912000086],[52.41671224900006,27.72756722200007],[52.43706076836394,27.71741780484852],[52.444104465000066,27.703454073000056],[52.45764816949813,27.706301303559243],[52.468230743774924,27.69629664908553],[52.48488784959316,27.69814040293729],[52.49429162081371,27.690655258890114],[52.496877633000146,27.672489525000316],[52.51152314400008,27.666075379000073],[52.53271339100007,27.68484034100006],[52.563502963000076,27.640591333000053],[52.589117034000026,27.63129533400008],[52.58225020000004,27.61582085100003],[52.606353338000076,27.604648553000086],[52.632891208000046,27.60368298200008],[52.62491430300008,27.5952899260001],[52.63987855400006,27.58896502400009],[52.63956523500008,27.579163762000068],[52.65400619600007,27.571424802000035],[52.65024879600003,27.558856990000084],[52.67829682900004,27.56506797900008],[52.67478814100008,27.55323385400002],[52.68020933400004,27.547321308000054],[52.68452622600006,27.552907675000036],[52.69599693400005,27.550361087000066],[52.69760637600007,27.54163874000008],[52.716015139000035,27.53848888300009],[52.717345855000076,27.526439150000055],[52.77776339500008,27.484792652000085],[52.80820050400007,27.504067384000077],[52.81767606000005,27.480194036000075],[52.82753222600007,27.47550582600008],[52.820164256000055,27.459469969000065],[52.83233391000005,27.440541152000048],[52.87703906300004,27.41270053100007],[52.91338385700004,27.373506392000035],[52.90100937300008,27.373142960000056],[52.90108789700008,27.373032022000093],[52.923813976000076,27.36428348900009],[52.922883150000075,27.35885091800004],[52.93281896900004,27.359800701000058],[52.933643439000036,27.351897459000057],[52.94432059400003,27.35275925400007],[52.95066193400004,27.34263261900004],[52.93674704500006,27.327710375000056],[52.92856467000007,27.333420608000047],[52.91179010900004,27.324216048000057],[52.878426312000045,27.296603536000088],[52.87282365600004,27.302036099000105],[52.85875209900007,27.296598344000074],[52.85192008400003,27.312405595000033],[52.826677095000036,27.32878720600009],[52.81972697700007,27.320592569000063],[52.81064825300007,27.32623375600009],[52.786904390445166,27.317268653769194],[52.78400771400004,27.308131319000058],[52.75167428000003,27.294782480000052],[52.74258015096286,27.29762166860396],[52.745564416000036,27.289513706000058],[52.738023273108496,27.281791297660313],[52.72392740222401,27.280460229962667],[52.695018160000075,27.292346337000048],[52.68589768100003,27.307591409000057],[52.65981754500007,27.31859031800008],[52.633703912666064,27.349415068864097],[52.61874789290553,27.349043183010046],[52.57621900054078,27.38598179602124],[52.58157599300006,27.394089783000034],[52.60569786000008,27.401405059000073],[52.6658652353893,27.39986077089155],[52.675611507900385,27.421781928218365],[52.672268741000046,27.45160497100005],[52.651980793000064,27.45893913700009],[52.63666215995787,27.45140761094306],[52.59484790500005,27.470253206000077],[52.60112372500004,27.479395329000038],[52.592886717620445,27.486430300861795],[52.58248418800008,27.482202981000054],[52.568174405000036,27.52122767500004],[52.55448673700005,27.51891528600006],[52.54011492513961,27.535452124832183],[52.53439641000017,27.54776713400004],[52.53827379600016,27.55710376900003],[52.50749082200008,27.58043527000008],[52.49047787600028,27.60068241000016],[52.49575129893473,27.606193259103744],[52.490877134647555,27.61337788603199],[52.46995426400008,27.62589242000007],[52.45635768792586,27.624072671964218],[52.432131260091126,27.647594357756944],[52.35682097685865,27.65023642565343],[52.345838477157635,27.665162175790535],[52.317967499588036,27.664416853615503],[52.29777169846911,27.675470736752704],[52.26202444300003,27.678051841000073],[52.211803715000094,27.69996227800005],[52.20835346300004,27.689681420000067],[52.193314017000034,27.69444573400006],[52.19906628388465,27.703597159018717],[52.18565284387893,27.719142065971145],[52.17563686500006,27.719413820000053],[52.16022452700008,27.734777257000072],[52.15458048938652,27.729897539992557],[52.1300908198362,27.757573596208122],[52.130689618451676,27.769979544845974],[52.10088908555331,27.787336941150738],[52.04683195000007,27.838326809000026],[51.95215939900004,27.837040090000087],[51.92785953200007,27.826231202000045],[51.92316654700005,27.832218134000083],[51.854742068000064,27.84344824400009],[51.81334637500004,27.843034953000036],[51.773860650000074,27.82956799900006],[51.73283199545918,27.8294646670139],[51.69377373376182,27.81997358169742],[51.651866266021536,27.843765823844688],[51.60720654805579,27.848623080001463],[51.59319592733894,27.8377294806008],[51.57451811780908,27.837007643410082],[51.58876849193236,27.856103048670512],[51.55000804500003,27.88678859500005],[51.51823771900007,27.884896354000063],[51.506483830000036,27.870845685000084],[51.48348120500003,27.879874391000037],[51.47893217877272,27.888902343415985],[51.49885579763848,27.88589955310356],[51.48241385400007,27.899266858000036],[51.49360445100007,27.91232349000009],[51.48472704806476,27.916859591941073],[51.47604773200004,27.911827835000064],[51.46367289400007,27.930915243000097],[51.44160693411451,27.944114192134823],[51.432702791134105,27.922489792619515],[51.402775345000066,27.92248576700008],[51.379076498014705,27.996653115565014],[51.34613490600003,28.03788813400009],[51.32955054000007,28.0476963020001],[51.32013746754395,28.069074314737787],[51.296984162817964,28.07083946763318],[51.28146409011339,28.090418163758894],[51.27621343900006,28.119171124000058],[51.26416822200008,28.129478960000036],[51.28750451295157,28.202602735832553],[51.28305127797432,28.234350767947205],[51.17535556900003,28.350662191000037],[51.13359191400008,28.419044447000054],[51.09442195600008,28.510499425000052],[51.08614006200003,28.511807017000045],[51.09287128167242,28.53173557423898],[51.08512749100004,28.536578898000087],[51.07642545965075,28.57260005009123],[51.07910716600003,28.614646243000045],[51.068121347000044,28.70328489900005],[51.02577842766638,28.782189569248136],[51.03159611600006,28.790099846000047],[51.027776360000075,28.811382290000047]]],[[[50.857793433307144,28.99687705005964],[50.885810452000044,28.992968165000054],[50.85786604072727,28.979665653311564],[50.83527064500004,28.998756349000104],[50.851914688888186,28.999747843664107],[50.857793433307144,28.99687705005964]]],[[[50.85745605978247,28.997600623397055],[50.86191164983754,28.99908807417344],[50.86386226988239,28.99787246059878],[50.86601998656574,28.997418086332672],[50.85745605978247,28.997600623397055]]],[[[50.86634858100007,28.997669255000098],[50.86139450714064,29.00215136130637],[50.868091080342055,28.9986435236821],[50.86634858100007,28.997669255000098]]],[[[50.86833277800009,28.99982390400004],[50.86728148700007,29.00300677600009],[50.87256490044372,29.000685448890927],[50.86833277800009,28.99982390400004]]],[[[50.88782887500008,29.06298459300009],[50.886481641000046,29.04888653500007],[50.89927918736778,29.015343986627595],[50.88774382259301,28.999237479593532],[50.88118031923364,28.999553738938125],[50.88479687900008,28.99636392700007],[50.86351787964248,29.011894393657244],[50.86485854700004,29.06495774500007],[50.87210718675298,29.073537223390655],[50.88782887500008,29.06298459300009]]],[[[50.32840110858192,29.23373834797296],[50.328771483000025,29.233721103000082],[50.32873943736967,29.23362542432689],[50.32840110858192,29.23373834797296]]],[[[50.32673289907424,29.241745128250663],[50.32793192902146,29.233043483908887],[50.32823602001156,29.231502392244035],[50.339272134724695,29.230769336008894],[50.338374855525714,29.23821533143436],[50.34085880300006,29.221922602000078],[50.33930615200006,29.23055936300007],[50.32879508988323,29.23093686383243],[50.334224682410564,29.214680517353116],[50.310608676701186,29.208132202508928],[50.28393255930719,29.271619959226395],[50.29399338400003,29.2745895940001],[50.33547694381146,29.260969191184994],[50.33398903046647,29.25356153263425],[50.330222089000074,29.250784631000073],[50.32866586304631,29.24656895924618],[50.33103063500005,29.24552867200005],[50.32673289907424,29.241745128250663]]],[[[50.33013385500005,29.25006511700009],[50.33027603150314,29.25015586708498],[50.33033449375768,29.250073596062684],[50.33013385500005,29.25006511700009]]],[[[50.35556997082141,29.34218665816483],[50.34080780238117,29.30335860880885],[50.336523776000035,29.2995481720001],[50.32919044482353,29.299306150665345],[50.349116575641816,29.338099566916483],[50.35556997082141,29.34218665816483]]],[[[51.47287500031269,27.819209166948465],[51.469294828716436,27.823885637852086],[51.47589153993612,27.826881103381133],[51.47287500031269,27.819209166948465]]],[[[51.56943480700005,27.838240779000053],[51.557692675000055,27.832914667000086],[51.55081771400006,27.838865679000037],[51.56943480700005,27.838240779000053]]],[[[51.452542275343866,27.839778911703416],[51.41817287385371,27.900932394712047],[51.41295703800006,27.90545499800006],[51.40548529900008,27.919130953000074],[51.46236227400005,27.860370966000076],[51.452542275343866,27.839778911703416]]],[[[51.45634022833263,27.903230608796083],[51.4439185106308,27.909590266850547],[51.44074834200006,27.915621629000057],[51.45634022833263,27.903230608796083]]]]}},{"type":"Feature","id":"05","properties":{"ostan":"05","province_name":"کرمانشاه"},"geometry":{"type":"Polygon","coordinates":[[[47.18681614800005,33.816460197000026],[47.13592798700006,33.812837219000095],[47.11505022600005,33.84307437500011],[47.10051677400003,33.836697827000094],[47.10051253600005,33.82590032200006],[47.07040788200004,33.82737209300008],[47.06376067300005,33.81735864700008],[46.999888912000074,33.81877134700007],[46.991416737000065,33.81024346900006],[46.99888293200007,33.775829675000075],[46.98007465400008,33.74067637900005],[46.96251657600004,33.747537532000045],[46.95409877000002,33.75984276400007],[46.918736453000065,33.770760860000074],[46.903827840000076,33.74374517900005],[46.86979394000008,33.73301464200007],[46.77004242600003,33.77212255800005],[46.75626123200004,33.768099249000066],[46.75195155100005,33.74829914500007],[46.732664803000034,33.74389122300008],[46.69370132700004,33.760727122000056],[46.67298800700007,33.79367202600004],[46.60723280500008,33.83978880300007],[46.577482846000066,33.85069016600008],[46.55395414000003,33.87075395300009],[46.510202442000036,33.88764291600007],[46.451081593000026,33.92513672500005],[46.307436213000074,33.99238590100004],[46.28080768800004,33.95664965200009],[46.26518912700004,33.95524289100007],[46.15935403100008,33.983206779000064],[46.11028245500006,34.023960101000085],[46.056453591000036,34.04106887100004],[46.029565458000036,34.00101497000004],[45.990473862000044,33.97451939400003],[45.97361449000004,33.97577430500011],[45.94535282400006,33.963785232000085],[45.88125683700008,33.989703305000056],[45.860103501000026,33.99047077800004],[45.85019235300007,33.982138876000114],[45.83584353400005,33.954087869000055],[45.84126659800007,33.92436156100009],[45.881052673000056,33.91701497700009],[45.889108244000056,33.90221386300006],[45.905976775000056,33.898704453000065],[45.89166506400005,33.88489984600007],[45.88610640500008,33.859942378000035],[45.83137685500003,33.812554685000094],[45.88443995800003,33.77740690100007],[45.84403152500005,33.75665421800008],[45.81793147500008,33.73279219500008],[45.77626381700003,33.7231395580001],[45.76513006000005,33.71129562400007],[45.76713992300006,33.70516067400008],[45.75134019800004,33.701519358000034],[45.720001300000035,33.70882685500006],[45.70862345000006,33.698407703000065],[45.685127399000066,33.695712266000065],[45.687918839000076,33.68938384000007],[45.65064685900006,33.72375147300008],[45.64678573800006,33.76353658200006],[45.63612739000007,33.781910219000075],[45.59634632900003,33.801626812000066],[45.59775484700003,33.821556162000014],[45.58263273600005,33.835624817000074],[45.550936774000036,33.89168373300007],[45.515324701000054,33.93142088700008],[45.468358274000025,33.93163859700011],[45.42746079400007,33.92284006900009],[45.42351577400006,33.96502765100009],[45.404548858000055,33.97189218700004],[45.41994364100003,33.982363394000075],[45.422192489000054,33.99201953700004],[45.46728656300007,34.01141342500006],[45.476001377000046,34.026279884000104],[45.47046680900007,34.035843726000074],[45.47773082600003,34.03610984400009],[45.480379110000065,34.046933965000065],[45.47936442400004,34.05982480900009],[45.46665490500004,34.06445298400009],[45.47436003800004,34.07677094800005],[45.495729340000025,34.084078420000026],[45.49060221600007,34.08835233300006],[45.51460070100006,34.113461002000086],[45.52016782800007,34.11105437400006],[45.52548549100004,34.11926983300004],[45.53044282800005,34.115174128000035],[45.53136424300004,34.12294603000005],[45.58143561400005,34.147278043000036],[45.57339011700004,34.173189096000065],[45.55506462900007,34.19664874600005],[45.58148214800008,34.240718446000095],[45.58381359700007,34.302953481000046],[45.56431516600003,34.32923441100008],[45.53451246900005,34.35248564000001],[45.52993702400005,34.34718807000009],[45.50780806200004,34.35290298100005],[45.49557111200005,34.33403924700009],[45.488624680000044,34.334351031000054],[45.438902073000065,34.46216484000008],[45.46382010800005,34.47853848400007],[45.50489588700003,34.47204087800003],[45.52068963100004,34.482978932000044],[45.526698097000065,34.52561313800006],[45.512297172000046,34.55366559600004],[45.528684517000045,34.607327033000075],[45.53665879400006,34.59360592800005],[45.556630520000056,34.59376416000004],[45.554542629000025,34.58232691700003],[45.565731595000045,34.568149003000045],[45.58977676600006,34.55982784100008],[45.59565448400008,34.55105264800006],[45.627456583000026,34.55035699200005],[45.633059064000065,34.55955244200005],[45.646579890000055,34.55218902600009],[45.684036751000065,34.558847915000094],[45.71721212800003,34.53895981100007],[45.742442821000054,34.539111583000086],[45.73557782100005,34.55840790600007],[45.73982643800008,34.58496184200005],[45.723571786000036,34.607631990000094],[45.73123056700007,34.61559214700006],[45.72551097500008,34.63525277600008],[45.710389949000046,34.66660362100005],[45.697130393000066,34.67159475500007],[45.70298704000004,34.692631157000065],[45.65288869200003,34.72041478400008],[45.66714947000003,34.73210477500005],[45.67804712800006,34.76218948900004],[45.69974017800007,34.773491800000066],[45.69287896600008,34.783597105000084],[45.70389546900003,34.79198586500009],[45.68837991800007,34.81405303600009],[45.73693726700003,34.848731736000076],[45.73668900300004,34.83302683800003],[45.74712903200003,34.82979453400005],[45.77538822400004,34.83869034700009],[45.79622137000007,34.861198911000045],[45.78886551200003,34.91245569800002],[45.82047014600005,34.91210739100007],[45.83694509200007,34.89946142100009],[45.86405018800008,34.89591074900008],[45.87129308300007,34.90569080700007],[45.867863732000046,34.92737818100006],[45.88187767800008,34.945169537000034],[45.891469983000036,34.94726328100007],[45.89634755800006,34.960657713000046],[45.88706187900004,34.9997052350001],[45.87907663300007,35.00595397800005],[45.88065850500004,35.03882381200006],[45.88932528700008,35.04717898700007],[45.93135792900006,35.047198791000056],[45.92131688200004,35.05595843000005],[45.91940110200006,35.09575018300007],[45.93317874000007,35.08146824800009],[45.948857384000064,35.09016448200004],[45.99672663300003,35.06222301200009],[46.01480783200003,35.071799218000045],[46.03034695800005,35.05311649900007],[46.05258459100003,35.05339884100004],[46.057968136000056,35.03792932100005],[46.080130385000075,35.05753478500005],[46.06928751000004,35.06000651800009],[46.07234392500004,35.08435584500009],[46.092533469000045,35.08897229600008],[46.09778296600007,35.080477936000094],[46.116894556000034,35.07532156400007],[46.158561459000055,35.087959296000065],[46.186708768000074,35.10908720700008],[46.15482605600005,35.13046648200006],[46.16083092800005,35.140167199000075],[46.15485031400005,35.15728033300009],[46.16632394700008,35.17328905600005],[46.19556933200005,35.18536247800007],[46.20269823400008,35.20054412300008],[46.20016067700004,35.21552972400009],[46.17720453600003,35.22931114700007],[46.120790943000024,35.22418430600005],[46.125188681000054,35.23430578300003],[46.11418878100005,35.23277740700011],[46.10814045800004,35.24060322000003],[46.12199550100007,35.24722331600006],[46.15684797000006,35.286088332000084],[46.20532992200003,35.2416809040001],[46.24995090700003,35.21224734400007],[46.34198876200003,35.165767920000086],[46.37232421700003,35.13508857800007],[46.40923841400007,35.12603346400006],[46.44836145200003,35.08882850700009],[46.46342493200026,35.05058066800009],[46.500591221000036,35.04524422100009],[46.57449102600003,35.06254274800006],[46.575278266000055,35.006095502000065],[46.53128774900032,34.98726617900005],[46.55509402700005,34.96196579500005],[46.52862591600007,34.93445379900006],[46.54731331600004,34.920207249000065],[46.544549267000036,34.90805024600009],[46.555935669000064,34.89575918200008],[46.59161405400005,34.88786199000004],[46.62858518500008,34.861523523000066],[46.64486457100003,34.869123710000075],[46.68151885600003,34.85807457200008],[46.71365836100006,34.83660306000009],[46.746779444000026,34.76291311100005],[46.78794332700005,34.73670281300009],[46.86998030600006,34.75287680700009],[46.880736985000055,34.76150068900007],[46.93299346700008,34.75459645100008],[46.95760410835947,34.76720342405299],[46.99086717500006,34.76568776300007],[47.01625837200004,34.754134550000074],[47.05037173100004,34.75005351700005],[47.05438987100007,34.75691293300004],[47.04318009700007,34.76259840100007],[47.049028691000046,34.77476709800004],[47.06328651500007,34.78178343900005],[47.058228470000074,34.79138886500007],[47.10043045000003,34.801016602000075],[47.119420356000035,34.79466391500008],[47.14057531000283,34.79988530900002],[47.118783765000046,34.82270785300006],[47.09885137200007,34.82276641300009],[47.06817803300004,34.88333608100003],[47.098021422000045,34.892399131000055],[47.11133993800008,34.90474048700003],[47.13102785400008,34.89738178600006],[47.17180200700005,34.90022860500009],[47.18037733600005,34.93401699400006],[47.16871350400004,34.96134648000005],[47.17417478300007,34.96345527700006],[47.18599227900007,34.96288469400003],[47.186833946000036,34.938305259000074],[47.19533588200005,34.931054603000085],[47.239367798000046,34.95176753400005],[47.260696187000065,34.94202742600007],[47.260978943000055,34.931918953000064],[47.28940176300006,34.92934102800006],[47.31484547900004,34.93741539200006],[47.30596122000003,34.997162083000035],[47.36536940900004,35.02817194200005],[47.357955778000075,35.04339021600004],[47.36373325200003,35.04993163700006],[47.44331056100003,35.04633937200004],[47.44918164300718,35.037815742999996],[47.48553648800004,35.04676850000005],[47.507082109000066,35.04319958700007],[47.51561071400005,35.04844637700007],[47.512567011000044,35.06160432800005],[47.54521757900005,35.079522806000085],[47.66482193500008,35.09601200100011],[47.69664155800007,35.06274299000007],[47.74641533800008,35.0542295920001],[47.80490313200005,35.05868838300008],[47.80011261300007,35.026027648000046],[47.804951619000065,34.99854795000006],[47.82858909200007,34.945427770000045],[47.86248131100007,34.93329303600007],[47.90416453700004,34.94225064500009],[47.911697669000034,34.935411440000074],[47.89210293600007,34.895856651000045],[47.86534166300004,34.86467359700005],[47.84512770400005,34.855822428000096],[47.816071235019244,34.85984685999979],[47.79101970100004,34.85326687300008],[47.79221686200003,34.83776384300009],[47.84807289400004,34.766350229000075],[47.867891463000035,34.72824124600004],[47.84499716900007,34.68376948400005],[47.82859270300003,34.674211658000054],[47.86166182300008,34.63160755900004],[47.94151905500008,34.617446225000045],[47.96854873400008,34.59620967000009],[48.00311402900007,34.59558927700005],[48.04299646800007,34.62842351600009],[48.06242733400006,34.61325215300009],[48.087420638000026,34.56506878500007],[48.084388208000064,34.555558612000034],[48.090378172000044,34.54783652400004],[48.080717414000055,34.53096692800007],[48.09855277400004,34.50789639300007],[48.099166911000054,34.43405202300006],[48.078609192000044,34.40841960400007],[48.04353251400005,34.38873229300004],[48.00962610800008,34.398261729000076],[48.000042748000055,34.40827120800004],[47.97868188700005,34.40307456200001],[47.98781925000003,34.361786795000064],[47.94221955800003,34.345298069000094],[47.947673749000046,34.30677657700008],[47.94052280200003,34.298030450000084],[47.91545072000008,34.29654446700006],[47.89710708100006,34.26613903800007],[47.85776482700005,34.26970439700007],[47.80887969900005,34.31195148200006],[47.78205009100003,34.32450622200005],[47.7857388280181,34.37566677199979],[47.76350660800006,34.36760022600006],[47.762749273000054,34.35237757400007],[47.75933447900008,34.359915933000046],[47.73420053500007,34.369534763000054],[47.70916091400005,34.370947468000075],[47.66747575100004,34.31414718400005],[47.70371863900005,34.29359318700006],[47.70893580300003,34.27122473400004],[47.66663819100006,34.23891504800002],[47.65286819200003,34.23598199900006],[47.65535147300005,34.225581043000055],[47.62436890700008,34.22849744800007],[47.61598343600008,34.22001221900008],[47.59445694200008,34.218583170000066],[47.58049435700008,34.201644732000034],[47.592773632000046,34.18633955900004],[47.55460073200004,34.16604804400005],[47.53837311000949,34.168708974999944],[47.532202048000045,34.15767160900005],[47.51807319900007,34.15378016700005],[47.50244953500004,34.13559058000005],[47.50756929200003,34.12111333600009],[47.52909727500003,34.103960804000074],[47.49540988600006,34.086796425000045],[47.45958450700005,34.09423926500004],[47.44986394100005,34.081831785000084],[47.437576153000066,34.04835586400006],[47.44876257200008,34.034891649000045],[47.44774171200004,34.02465325800006],[47.461192865000044,34.017548986000065],[47.46675080700004,34.00502335400008],[47.49543708900006,34.00524598500006],[47.50001821200004,33.94513953200006],[47.477373768000064,33.94928292800007],[47.46817727100006,33.9427532330001],[47.41584755700006,33.959189316000064],[47.39697569900005,33.95485625200009],[47.38348979500006,33.93932062900009],[47.30587648800008,33.98007453400004],[47.27552261000005,33.94217665200008],[47.30484775700006,33.928604362000065],[47.33649873600007,33.92954084500009],[47.352659903000074,33.90438494900009],[47.384569544000044,33.885475124000074],[47.386447417000056,33.87156069300008],[47.37592061000004,33.843453614000076],[47.30658083800006,33.78658945700005],[47.26216536900006,33.804168060000045],[47.224349475000054,33.80055064900008],[47.18681614800005,33.816460197000026]]]}},{"type":"Feature","id":"00","properties":{"ostan":"00","province_name":"مرکزی"},"geometry":{"type":"Polygon","coordinates":[[[49.60044370600008,33.732849766000065],[49.531261276000066,33.688872051000054],[49.501951950000034,33.68753759700009],[49.47722330700003,33.702636999000056],[49.42997091700005,33.69861122100011],[49.40864806000008,33.72482826100005],[49.386084321000055,33.728433380000084],[49.37370299500004,33.71677794500006],[49.364667395000026,33.68443900000007],[49.34314568600007,33.657988099000086],[49.324400179000065,33.65177451800003],[49.306738488000065,33.65494483800008],[49.28535028700003,33.64516767400003],[49.283112963000065,33.61666716100009],[49.27282305600005,33.60112485300006],[49.21558396900008,33.60039545900003],[49.20056465000005,33.610971885000026],[49.173259416000064,33.69304025500004],[49.09526960100004,33.711141268000084],[49.070447786000045,33.691590520000055],[49.02063724000004,33.69142405500002],[49.00390160200004,33.73556801900005],[49.00998218900003,33.74421901700004],[49.00532427500008,33.76311343900008],[48.985968435000075,33.783805297000086],[48.98527288300005,33.79966400400008],[48.99642735700007,33.81228931600004],[48.99794317800007,33.86865019500005],[48.98805288400007,33.8859930400001],[49.00000056500005,33.89239114700008],[49.00322520000003,33.90857883000008],[48.990801092000034,33.903199679000096],[48.97582149700003,33.910149848000074],[48.959317265000045,33.89897923400003],[48.951785391000044,33.91755643500007],[48.95798788800005,33.94459504400007],[48.96762385100004,33.95601433800007],[49.00920951200005,33.97223719800009],[49.04506397800003,33.965455552000066],[49.06447456500007,33.99703340900003],[49.06168339900006,34.00497294400002],[49.107022286000074,34.01843593800007],[49.11157681800006,34.03542624200003],[49.13576585900006,34.05454365100009],[49.14855586700003,34.09455403100006],[49.14642330600003,34.115040049000065],[49.10565397600005,34.14418029800005],[49.10456831100004,34.17765349500008],[49.12304601300008,34.199691719000064],[49.11527519500004,34.249798162000076],[49.088928483000075,34.26997524200005],[49.027728687000035,34.29948533400007],[49.013548110000045,34.317833995000086],[49.002394182000046,34.369941897000075],[48.983670939000035,34.38711438700007],[48.95944072100008,34.3861858920001],[48.94784214400005,34.397397386000094],[48.99116910300006,34.435860722000044],[49.02175703000006,34.48322219300012],[49.04549567200007,34.49775988800008],[49.030577969000035,34.58471415600009],[49.05018222800004,34.59246648400006],[49.09975599100006,34.58155332900006],[49.129651925000076,34.60643374300003],[49.13340797500007,34.65429600300006],[49.10733124500007,34.72086414900009],[49.11525888800003,34.74921702900007],[49.16261598500006,34.82209954200005],[49.21084228800004,34.86008220400004],[49.207622807000064,34.86882856300009],[49.28169342400008,34.90227021300007],[49.30874132300005,34.921607868000045],[49.39804979700006,34.91453671100006],[49.45883788827446,34.970901208960406],[49.42572559300004,34.991938483000084],[49.348782913000036,35.02053367800007],[49.27810280700004,35.02427013400009],[49.26464020400005,35.028613354000086],[49.25985041100006,35.03904608600004],[49.27276433800006,35.07805296000004],[49.30341154400003,35.09173052100007],[49.35899266300004,35.05529313700004],[49.387932625000076,35.05104931900009],[49.48121131400006,35.14484739600006],[49.48127428400006,35.15862484600007],[49.469918936000056,35.17770877100003],[49.37442838800007,35.232466302000056],[49.36861622100008,35.25885922100009],[49.37552591100007,35.300868949000076],[49.39755653600008,35.322095352000105],[49.42120422000005,35.361420093000056],[49.4579937889999,35.39468790000008],[49.438023679000025,35.41116633400004],[49.457608949000075,35.41016164300005],[49.49333371100005,35.38844954500009],[49.538293304000035,35.40367081300009],[49.57497934600008,35.39186789700007],[49.578196207000076,35.39950398100008],[49.570777451000026,35.40653222400005],[49.60527642400007,35.452082786000084],[49.63962856900008,35.45781452500006],[49.66299504400008,35.446402224000074],[49.68197984200004,35.45320620000009],[49.68613237900007,35.49826135400008],[49.67635272600006,35.52730055400009],[49.71233657800008,35.53802195500005],[49.796637331000056,35.515297838000066],[49.87456681900005,35.54559972400006],[49.939282766000076,35.515674152000045],[50.001326748000054,35.49932784000006],[50.30936054500006,35.54002317700009],[50.32888920200003,35.54668838000005],[50.333509123000056,35.55751733900008],[50.35722220800005,35.563625591000076],[50.36329392300007,35.55484468300007],[50.38424920800003,35.558382827000074],[50.382469245000046,35.55255881200005],[50.51711812900004,35.56554347500004],[50.60548278200008,35.56065097500005],[50.64157888500006,35.54265427500008],[50.65557029300004,35.52079654700003],[50.75664685600003,35.48746075500004],[50.79040665200006,35.488336118000085],[50.83042282700006,35.47536176800004],[50.89012582000004,35.488590986000084],[50.96466401100008,35.4526146470001],[50.97169455200003,35.438386141000024],[50.97196979200004,35.39912309500004],[50.94892899900003,35.38277493700008],[50.863278146000034,35.25661598900007],[50.83744484400006,35.19483525200008],[50.841607295000074,35.15595873700007],[50.835578577000035,35.139197425000084],[50.76669283800005,35.151370000000064],[50.76417547600005,35.11255385900006],[50.72497028500004,35.050220088000074],[50.71101193800007,35.011450226000115],[50.705637239000055,34.97664463400003],[50.71867053600005,34.957682994000045],[50.72672434400005,34.92561800500006],[50.71595286000007,34.899623583000064],[50.71630343800007,34.87383478900007],[50.634706692000066,34.869891242000044],[50.58503238800006,34.85586961600007],[50.53733323700004,34.858267511000086],[50.476534721000064,34.83762699700004],[50.44739345100004,34.82173177600004],[50.44823984700008,34.8009771590001],[50.46420823500006,34.77083090700006],[50.39538251100004,34.74553137300008],[50.341830737000066,34.76334321700007],[50.32817048000004,34.776985563000046],[50.32983169400006,34.784767864000074],[50.268397507096594,34.813688832097235],[50.20504990100005,34.820544234000074],[50.17559817600003,34.840615130000046],[50.14639698600007,34.803815180000086],[50.15038836000008,34.78815735300005],[50.13182799000003,34.74698447900006],[50.158019839000076,34.70449295500005],[50.15509594000009,34.65995011000009],[50.07242755696659,34.57026357120154],[50.087739542613306,34.54151859702634],[50.12417151000005,34.53755823400008],[50.17479122700007,34.50237731600006],[50.15315510100004,34.49293962700008],[50.17716946000007,34.47228092600007],[50.20443398800006,34.46741809600008],[50.292156129000034,34.496800329000074],[50.30979232900006,34.496362342000054],[50.34278157600005,34.44900837600007],[50.34356674100008,34.43701560400008],[50.37321292300004,34.42106259100008],[50.350651249000066,34.39551607900006],[50.35269386500005,34.382610675000045],[50.34011167600005,34.359438959000066],[50.367734427324415,34.30545863093362],[50.38003386200006,34.305859927000036],[50.44778943100005,34.255016934000054],[50.43181714100007,34.211953169000054],[50.43922065800007,34.19995436600006],[50.52931877100008,34.174542388000084],[50.55735602500005,34.20077795200008],[50.60051754300008,34.22325596800006],[50.657393513000045,34.23622307400007],[50.70875328500006,34.232746153000065],[50.73710546500007,34.21964043900007],[50.76920996200005,34.19332853000006],[50.78007307200005,34.1747953870001],[50.858778682000036,34.16787649000004],[50.88943259600006,34.141080210000055],[50.934574902000065,34.136854635000084],[50.93474011900001,34.11274933400006],[50.96957350800005,34.10204562800007],[50.97573243100004,34.07940437500007],[51.024689677000026,34.067551233000074],[51.02365471100006,34.03463233500005],[51.058436046000054,34.02295576000006],[51.045877896000036,33.97671602800008],[51.02870012000006,33.95534402000008],[51.05299076500006,33.87569434300009],[51.05173860300005,33.86063014400004],[51.039555763000074,33.846543735000104],[51.04795253000004,33.82427950800008],[51.04405936500007,33.810919035000076],[51.00861217900007,33.78335642400004],[50.97672382300005,33.78315109200004],[50.97314873700003,33.74745556300009],[50.809198269000035,33.74463457700006],[50.75437142200008,33.72677421400006],[50.69638770000006,33.723610291000085],[50.585532588000035,33.671506123000036],[50.574802797000075,33.639267966000034],[50.46646115600004,33.65874562500006],[50.36141378500009,33.62060741400006],[50.26021123400005,33.60384775700007],[50.22917677300006,33.58734127300006],[50.19040163100004,33.53473794200006],[50.111294884000074,33.49714687000006],[50.00936721000005,33.50030618800006],[49.98928681600006,33.49413728000006],[49.97052622400008,33.47397846000009],[49.97414022600003,33.43675709900007],[49.95051284900006,33.39160330600004],[49.79558443800005,33.43861698100007],[49.78655174200003,33.46144375100006],[49.79031825900002,33.48314704000007],[49.776691104000065,33.51114447400007],[49.73084405000003,33.54171965600007],[49.70449261500005,33.57067848200009],[49.667416925000055,33.57072221700005],[49.643541207000055,33.58277991000007],[49.62710626100005,33.62404537000006],[49.59048436900008,33.63999949500006],[49.58787981200004,33.64688912100009],[49.589079249000065,33.673468637000056],[49.61858666000006,33.69212510200005],[49.63326427550654,33.73872074393402],[49.60044370600008,33.732849766000065]]]}},{"type":"Feature","id":"08","properties":{"ostan":"08","province_name":"کرمان"},"geometry":{"type":"Polygon","coordinates":[[[56.79634643400005,28.324549534000045],[56.72999024300003,28.25208877700005],[56.66616742900004,28.158739653000048],[56.62988596200006,28.13845516300007],[56.60204380400006,28.132034215000058],[56.47558593400004,28.122233086000076],[56.39690167900005,28.131317816000063],[56.19333431600006,28.20073057900004],[56.16771705900005,28.225039255000087],[56.16612850900003,28.248118700000088],[56.106256003000055,28.28705375400006],[56.08536902900005,28.34980943800008],[56.054154554000036,28.395649496000036],[56.00266402700004,28.510445574000077],[56.00920754600003,28.531860723000086],[56.03705221300004,28.56456802700009],[56.06776634963642,28.570360730883554],[56.075685745000044,28.676117983000047],[56.000812351000036,28.936110791000036],[55.94545526400003,28.872875012000073],[55.902078353000036,28.836824186000076],[55.706117962000064,28.75898989800004],[55.71026213600004,28.728309054000082],[55.64064905300006,28.711680447000074],[55.63982774100003,28.69713147600006],[55.62156558800007,28.738586313000052],[55.61318432300004,28.748491317000063],[55.604837977000045,28.74779482700007],[55.60507592300007,28.736611361000044],[55.568080465000044,28.740366130000073],[55.521586071000065,28.71594013800006],[55.430015379000054,28.689495560000083],[55.36377049000004,28.652587677000056],[55.31559779200006,28.688324421000065],[55.253243765000036,28.714535229000052],[55.24504915500006,28.78570556300008],[55.24824416700006,28.82730223800007],[55.22457795200006,28.849962206000065],[55.20105866800003,28.894069802000068],[55.21249464845998,28.90283242126776],[55.18708256800006,28.91694990600007],[55.19136789300006,28.927130578000067],[55.21498404300008,28.937124315000084],[55.21551942300005,28.94099093900006],[55.181701333000035,28.961940111000057],[55.16069069200006,28.96368306500007],[55.120540162000054,28.998036947000067],[55.11030843100008,28.985921433000055],[55.11097076200008,29.00297432800007],[55.10368169100008,28.992899321000053],[55.08584021200005,29.001549729000054],[55.08177961200005,29.012674450000087],[55.022001025000066,29.041386525000092],[55.029175373000044,29.252860458000043],[55.01685249500008,29.30922489800002],[54.980507051199766,29.394421373740236],[54.85717666100004,29.542181716000087],[54.80231574000004,29.591897073000066],[54.73572785700003,29.612690044000043],[54.703894639000055,29.612324673000046],[54.634171768000044,29.595389615000066],[54.588275284000076,29.613175046000055],[54.563266044000045,29.826485685000033],[54.56619316900003,29.846007716000045],[54.54249439700004,29.910818850000066],[54.55173313000006,29.971723741000083],[54.532313705000035,30.108711806000038],[54.54239566000007,30.221497049000064],[54.52999158000006,30.23711572100008],[54.53000922600006,30.2585523490001],[54.52284314600008,30.26804360100006],[54.48135244000008,30.27876335800005],[54.43597331600006,30.309306731000078],[54.398235303000035,30.343277627000088],[54.37022880300003,30.391427167000085],[54.52939880000008,30.53379617200006],[54.562643567000066,30.597186941000064],[54.56826129400008,30.64717610600007],[54.55456791200004,30.694477787000057],[54.54332708100003,30.83537456000006],[54.53282094600007,30.860521567000053],[54.54086555500004,30.89392719400007],[54.52816675400004,30.94675717300004],[54.526695819000054,31.018421976000088],[54.608667456000035,31.034884435000045],[54.72037183900006,31.068830722000055],[54.912542999292334,31.02941813254875],[55.03345979000005,31.059826403000056],[55.17565318100003,31.08484337500007],[55.46847082700003,31.178103528000097],[55.82624693200006,31.274779435000028],[55.88418429300003,31.330047290000028],[55.932687883000035,31.351064586000074],[55.956819574000065,31.399490201000045],[56.02490208800003,31.498574612000052],[56.099827007000044,31.547322339000083],[56.11683160300004,31.565634662000043],[56.22835126400008,31.546007301000053],[56.443918076000045,31.65489805800008],[56.509978800000056,31.672278783000042],[56.569574842000065,31.699771314000042],[56.57730107000003,31.73570375900008],[56.57890179800006,31.831792300000107],[56.60245228500003,31.925207461000074],[56.66492233200006,31.937404687000054],[56.83641992300005,31.95294333000006],[56.88970093200004,31.93023843100008],[57.01061694600003,31.915110997000067],[57.22027597200008,31.86905974000006],[57.26018064800007,31.862856187000048],[57.322842257000055,31.865286062000067],[57.53334714600004,31.824565481000064],[57.60905409000003,31.803906202000082],[57.67347421000005,31.767990537000074],[57.714584208000076,31.753717288000097],[57.833051021000074,31.729730678000067],[57.972174134000056,31.679392536000105],[58.081517894000065,31.65340537300008],[58.27417232100004,31.58090448200008],[58.36100783300002,31.53218273700004],[58.37857252400004,31.49850720800004],[58.448930759000056,31.457951037000054],[58.49802915200007,31.415796090000075],[58.54162147800009,31.389559754000064],[58.63007989200008,31.298715047000044],[58.67794391700006,31.25635590300005],[58.71759894300004,31.234934850000073],[58.75782583300003,31.192116705000053],[58.79485056200008,31.179028056000057],[58.85165424600007,31.14347960400005],[59.01697396700006,31.019386373000053],[59.04309475300005,30.985367291000042],[59.14357235400008,30.90654933800005],[59.26649107700007,30.79013514000009],[59.309662064000065,30.711870317000045],[59.48321353400008,30.527839895000053],[59.45119311900004,30.51904736600006],[59.43087676700003,30.472237970000055],[59.418835469000044,30.392133702000038],[59.42232812900006,30.14129926300007],[59.43626212400005,30.117649227000076],[59.44037797300007,30.08176751100006],[59.41124528800003,29.99918983600006],[59.42374475900005,29.797537146000053],[59.424728716000054,29.49981403700007],[59.431134696003575,29.429129953999965],[59.42506005600006,29.28817533800005],[59.43468077100005,29.199787376000067],[59.47906224800005,29.099593490000093],[59.50010365200006,29.003515492000076],[59.49945899000426,28.799824669999964],[59.51508773700004,28.668493045000044],[59.53188483200006,28.625496988000062],[59.563219635000046,28.595785214000056],[59.72420846300009,28.48701821300007],[59.70998246600004,28.439892456000077],[59.63837592300006,28.399952592000034],[59.55694438000007,28.383779156000088],[59.445076369000056,28.397918558000097],[59.41512531200004,28.343699552000043],[59.41856137900004,28.319023250000054],[59.47805319500002,28.287273596000052],[59.53127863800006,28.311611551000063],[59.59560813400003,28.295257707000093],[59.605274965000035,28.268124427000043],[59.563738600000086,28.203391642000067],[59.496166420000066,28.20182768200007],[59.47124010200008,28.140749118000038],[59.48358991200007,28.085856846000095],[59.53564209800005,28.044317013000075],[59.551884628000046,28.04509916900004],[59.551349952000066,28.030965428000073],[59.54233691500007,28.024394823000048],[59.546896754000045,28.017470355000064],[59.250009531000046,28.015064373000033],[59.24435006200008,27.933613713000074],[59.19696385800007,27.909617302000093],[59.15517286200003,27.90878898200007],[59.10697035800007,27.953489857000097],[59.09582761600006,27.980592184000063],[59.09922619500003,28.000016328000086],[59.085874206000035,28.01965936800009],[58.960243410000025,28.09204436300008],[58.93642660200003,28.058512836000045],[58.924014225000064,28.007238816000047],[58.90012206500007,27.96120376200003],[58.88872776200003,27.82955553600006],[58.893340515000034,27.778202412000056],[58.91471492700004,27.72452648300005],[58.91760037900007,27.698519954000073],[58.90198831500003,27.68048050200001],[58.91167627100004,27.651864469000042],[58.90078963800005,27.610651358000062],[58.89854241200005,27.55895818300009],[58.883780568000084,27.508900515000086],[58.83389602500005,27.227328580000083],[58.86303789200009,27.13810871000004],[58.88034579000003,27.012791667000066],[58.86640037500007,26.80973061500006],[58.958546458000065,26.76616569000004],[58.99049258100007,26.759220007000078],[59.00025991600007,26.72733268400006],[58.99953423500006,26.703567071000087],[58.97204263413844,26.6910292788314],[58.94806833310332,26.66323707639327],[58.93424998020829,26.657303108151968],[58.94187149112791,26.636255711882015],[58.92872092115156,26.619372112621107],[58.93669374615665,26.61037782674428],[58.92778994289009,26.61151927361086],[58.92027966402125,26.600650140963495],[58.92311785265233,26.590354776416284],[58.97294440065915,26.55921400702393],[58.99623891900006,26.512073278000074],[58.989770903000085,26.500782324000067],[58.93687279700004,26.51421714700008],[58.904926583000076,26.51282512300005],[58.879373773000054,26.494485459000057],[58.83995074900008,26.483878553000082],[58.83451921100004,26.45172490000006],[58.80574185000007,26.418377042000056],[58.66806372800005,26.530519645000023],[58.62509867300009,26.578291052000072],[58.569087133000046,26.612821232000066],[58.52807366400003,26.611266496000066],[58.50729192100005,26.61743682000004],[58.36958200500005,26.709026987000072],[58.15913784400005,26.751003284000046],[58.08001596400004,26.818126449000047],[57.98083079200007,26.883179851000044],[57.932184061000044,26.908859845000055],[57.79013001000004,26.96189761000008],[57.74387298900007,27.016929241000096],[57.667997927000044,27.04872478900008],[57.635280339000076,27.081442378000105],[57.620158955000086,27.063447327000077],[57.55784442800006,27.095707723000046],[57.55984317400004,27.103393382000053],[57.52780593000006,27.09892236700007],[57.52542427100007,27.10879475800004],[57.53404981700004,27.110876786000084],[57.531268054000066,27.135862615000082],[57.55948367325967,27.172511508582016],[57.532180001000036,27.224314368000027],[57.475214951000055,27.215843635000066],[57.46516362100004,27.23163343200005],[57.465688009000075,27.24921461400005],[57.47671559500003,27.26804341800005],[57.433269424000066,27.27899092700007],[57.41170343500006,27.331962985000086],[57.33126403800003,27.40743564600009],[57.32800326800004,27.484737146000047],[57.343791913000075,27.539731578000058],[57.339871434000024,27.566197932000044],[57.304609980000066,27.589731162000096],[57.26029581900008,27.586891742000056],[57.25821546200007,27.608561576000078],[57.24182927000004,27.600673112000052],[57.24117101600007,27.615472765000067],[57.23046681100005,27.61658882000008],[57.22382957800005,27.63207467300006],[57.239940585000056,27.639694224000063],[57.24877400100007,27.658335657000084],[57.28018302700008,27.662179378000083],[57.27434245500007,27.694225711000072],[57.28403608600007,27.702145705000063],[57.28303550600003,27.71611599700005],[57.32191494300008,27.702004413000083],[57.35374863900006,27.70299087600006],[57.39375271600005,27.73793363500004],[57.40154924800003,27.775945801000045],[57.43761783800005,27.77422975800006],[57.47460281300006,27.79104309900002],[57.43366230000004,27.805332993000047],[57.38367959300007,27.87502274500003],[57.29950909444563,27.960893881534517],[57.25039437300006,27.93081838500006],[57.215222553000046,27.877974551000097],[57.19695014300004,27.880380232000064],[57.20447283200008,27.913381331000057],[57.123439086000076,27.906476608000073],[57.071755332000066,27.940101256000034],[57.04629558600004,27.91220440900003],[57.05309570000003,27.985655494000103],[57.04153904200007,28.100521574000055],[57.02920812100007,28.183517546000093],[57.00134178400003,28.254202443000064],[56.87249886500007,28.272361882000066],[56.84653319000006,28.285009164000044],[56.82590015900008,28.316669252000068],[56.79634643400005,28.324549534000045]]]}},{"type":"Feature","id":"02","properties":{"ostan":"02","province_name":"مازندران"},"geometry":{"type":"Polygon","coordinates":[[[51.71874904600003,36.0406852350001],[51.553015025000036,36.101849974000075],[51.52163770800007,36.07704279800006],[51.525449836000064,36.081356984000045],[51.50277495900008,36.116461972000025],[51.431693024000026,36.16029219600008],[51.34632209900008,36.16033738400009],[51.33122809000008,36.15353043900009],[51.30679940900007,36.16513331100004],[51.249679867000054,36.17304430500009],[51.24083811500003,36.198990707000064],[51.24942878500008,36.20969519900007],[51.13571155000005,36.21008102600008],[51.004636875000074,36.246539902000066],[50.96398029600005,36.273032935000074],[50.91850869700005,36.2865589360001],[50.90248727000006,36.30916798700009],[50.90606286800005,36.33007769800003],[50.90023060200008,36.34090726900009],[50.88179061000005,36.350500887000095],[50.864313948000074,36.37137999900007],[50.81430192100004,36.395678970000084],[50.74787973100007,36.45874753800007],[50.710902445000045,36.46559414800006],[50.649013135000075,36.499321153000054],[50.66863421700001,36.514089931000065],[50.63474010600004,36.525802585000086],[50.59922885600008,36.525729118000086],[50.57093662600005,36.53746973400009],[50.51708380700006,36.54368703800005],[50.47639758500003,36.567292381000094],[50.43962631900007,36.56468441300007],[50.410345997000036,36.57662997700006],[50.39696346900007,36.59351557600008],[50.34774431900007,36.60465343100007],[50.35501944100008,36.62818571600008],[50.33420794500006,36.63764760700011],[50.349060964000046,36.63766002000007],[50.41175523800007,36.68609752500006],[50.415570649000074,36.72268462100006],[50.43506136700006,36.74831738800007],[50.436939919000054,36.77384005600007],[50.42852847700004,36.791874285000084],[50.40432365600003,36.81146818900005],[50.41949058800003,36.821862631000045],[50.42391067400007,36.843153970000074],[50.44957079400007,36.87086000700005],[50.49993554300005,36.87688794600009],[50.51017229400003,36.891448452000084],[50.52261213500003,36.88675190000004],[50.562461032000044,36.92974967000006],[50.56844579600005,36.94875408100007],[50.59616856100007,36.964295874000115],[50.65553179800003,36.94105628500006],[50.67623163600007,36.91657705600005],[50.702174478000074,36.89994099400008],[50.77328624300004,36.875213212000055],[50.96470279600004,36.77490359900004],[51.05171875600007,36.74438251600005],[51.221996835852806,36.707056437709426],[51.42564556700006,36.685047664000045],[51.57420772100005,36.63307554000006],[51.60474706000008,36.614998396000054],[51.66289547500003,36.599408926000045],[51.81473938800008,36.58423325400004],[51.83644665300006,36.57659837300005],[51.92337735000007,36.57291420900005],[52.05301470000006,36.58502653200006],[52.44335167900005,36.67886988500006],[52.74568641500008,36.72321067200006],[52.74680771700008,36.72837706100006],[52.853047375000074,36.74504252500005],[53.176554603000056,36.82745257200004],[53.63107910700006,36.887946679000045],[53.73490977500007,36.89987899100005],[53.82312189900006,36.898514840000104],[53.96491181400006,36.91828763100007],[53.96347274800007,36.896321922000034],[53.93501413800004,36.899664931000075],[53.922001601000034,36.88769903600009],[53.89094617500007,36.89080222500009],[53.80978156600003,36.87857110300008],[53.77385251700008,36.88528238300007],[53.779082181000035,36.87982522200007],[53.74450281900005,36.87128206500008],[53.734488171000066,36.877224257000094],[53.73279113500007,36.87044820200004],[53.70180549400004,36.867991762000045],[53.61772109100008,36.87205416800007],[53.597488541000075,36.86438811300009],[53.61412094500008,36.851151692000045],[53.596614101000064,36.864073787000066],[53.51506497400004,36.85309600300009],[53.57161519300007,36.85687799300007],[53.579296449000026,36.84759574600004],[53.60147687400008,36.847215745000035],[53.60425444800006,36.839352723000054],[53.592179248000036,36.84170534100009],[53.59438421000005,36.82833963800005],[53.58235242000006,36.829088387000084],[53.57668836900007,36.82145192400006],[53.548980626000066,36.831023357000035],[53.494351890000075,36.830925488000034],[53.43869311100008,36.84200569000007],[53.42226344000005,36.84129859200005],[53.37985521600007,36.81865778600007],[53.368094511000045,36.81984803500008],[53.390421194000055,36.80920343500005],[53.37800310000006,36.7984730360001],[53.39871190400004,36.794215378000054],[53.40934380600004,36.782239081000064],[53.43399369500003,36.78502201300007],[53.424210146000064,36.797469832000054],[53.43466231600008,36.80713381600005],[53.55646255400006,36.78587989500007],[53.56947205600005,36.79121624000006],[53.55008603600004,36.79460548400005],[53.62063922400006,36.79134960200003],[53.66775335900007,36.799194068000084],[53.74475483300006,36.783012831000065],[53.768154673000026,36.78563557800007],[53.75080447600004,36.78698011000006],[53.76182318500008,36.792383981000064],[53.853820753000036,36.784185293000085],[53.84699802600005,36.72779081200007],[53.862673932000064,36.71976364600004],[53.858528481000064,36.70047480200003],[53.88480405100006,36.690842994000036],[53.90613766800004,36.66790634000009],[53.98658092900007,36.647346804000065],[54.04982284100004,36.65196721900005],[54.06431687800006,36.629067365000026],[54.152373916000045,36.61996030700005],[54.16293988400008,36.60364192200009],[54.163943409000076,36.541397369000045],[54.14316643700005,36.52063327600008],[54.15174547000004,36.50192440900003],[54.11302477000004,36.49549424100009],[54.05451891800004,36.46164473400006],[53.95245050600005,36.437481758000075],[53.90536719500005,36.395209643000044],[53.88617873700008,36.37194782400008],[53.885204434000066,36.35882733700007],[53.956452357000046,36.320682019000074],[53.96958455500004,36.28379996900003],[53.93489139300005,36.248326009000046],[53.85410376000005,36.209867181000085],[53.78583527900008,36.14922155100005],[53.676930878000064,36.11428644900008],[53.63281216300004,36.08729791400004],[53.55971844100003,36.08637013800006],[53.50852115200007,36.07367682600005],[53.44223816700003,36.07602452400006],[53.39732743900004,36.068143707000075],[53.222788999000045,35.97704464400005],[53.217672452000045,35.965872020000056],[53.238546384000074,35.92875726000007],[53.23214800300008,35.91246662400007],[53.111196454000044,35.920250707000065],[53.05896896100007,35.910160721000096],[53.04351405300008,35.891461031000084],[53.04741673800004,35.86717083700006],[52.98745170500007,35.83553996900004],[52.94300551100008,35.832754600000065],[52.90009829100006,35.84667056700007],[52.89231358500007,35.875766059000064],[52.87611136400005,35.88305167100004],[52.869282229000085,35.89850778100004],[52.84726217800005,35.906885149000075],[52.82224194500003,35.90587704900004],[52.78734624300006,35.893308628000064],[52.661640119208684,35.939050100994635],[52.51066157900004,35.91090843100007],[52.48136135100003,35.914355904000075],[52.46581558500003,35.92844358000007],[52.44531719200006,35.93029685400007],[52.433610240000064,35.92656298500004],[52.41600671900005,35.892897653000034],[52.364778717000036,35.85134306300008],[52.274513624000065,35.80385068600004],[52.23185804900004,35.76846728300007],[52.12893935000005,35.77780737000008],[52.112749585000074,35.77030395500005],[52.075417713000036,35.768466796000055],[52.021762307000074,35.780305279000096],[51.99728143500005,35.793425980000045],[51.97843249300007,35.81322407200003],[51.967315943000074,35.84030734100007],[51.929511568000066,35.857478775000075],[51.87683191100007,35.91850981900007],[51.829175890000045,35.93453598900005],[51.77518867500004,35.976440760000074],[51.75941429000005,35.98142242500007],[51.71874904600003,36.0406852350001]]]}},{"type":"Feature","id":"07","properties":{"ostan":"07","province_name":"فارس"},"geometry":{"type":"Polygon","coordinates":[[[52.019193820000055,28.59288315700008],[52.005941258000064,28.65259204500006],[52.01349437200008,28.663582180000084],[52.00563748900004,28.669947177000054],[52.00761625100006,28.696203059000027],[51.99162994900007,28.721196032000023],[51.99227112300008,28.784788436000085],[51.97161583600007,28.80944353400001],[51.97506181700004,28.817665097000045],[51.963428445000034,28.83490958900008],[51.96510329800004,28.850152207000086],[51.95505236900004,28.852738464000034],[51.95399091000007,28.86707319800007],[51.94602419100005,28.87010712500009],[51.94282982500005,28.90331117700004],[51.89538320700007,28.95563514200008],[51.82379696700008,29.010801995000065],[51.81468887400007,29.023443577000055],[51.83878654100005,29.03526421400008],[51.814022316000035,29.06769259600008],[51.813859042000026,29.07824057900005],[51.794959006000056,29.097084579000082],[51.797333664000064,29.106383771000047],[51.770746219000046,29.11759451900006],[51.76030311300008,29.132016863000075],[51.764360304000036,29.144962739000057],[51.737030882000056,29.163483804000094],[51.70641103500003,29.205458229000058],[51.68372397600007,29.223520499000102],[51.666700164000076,29.253140975000086],[51.653712504000055,29.257731102000054],[51.646730697000066,29.270700877000042],[51.63525713000007,29.270552592000076],[51.63915017200003,29.286036440000032],[51.618582998000086,29.31360828900004],[51.625009325000065,29.326719254000075],[51.602879683000026,29.354835131000083],[51.604788248000034,29.366056580000087],[51.593083972000045,29.37767548400008],[51.59056269899859,29.392912389911384],[51.553747986000076,29.41384755800006],[51.550489835000064,29.421689569000062],[51.55660667500007,29.424747834000094],[51.533210075000056,29.442155642000074],[51.52147120700005,29.44076466500008],[51.51535244000007,29.454566882000073],[51.48598347400008,29.45106569800004],[51.48640663400005,29.464501097000063],[51.456271419000075,29.463464513000087],[51.452361720000056,29.469431958000047],[51.447565627000074,29.464954260000088],[51.44627722900003,29.47284004100006],[51.43214432100007,29.47890269000007],[51.413907109000036,29.463974372000067],[51.40535012000004,29.469061133000046],[51.39274817200005,29.46379505700005],[51.365589345000046,29.48614464500005],[51.31914213300007,29.502900412000034],[51.314235960000076,29.518187145000084],[51.29458245200004,29.527529287000064],[51.29660622600006,29.535322683000075],[51.25690334300003,29.60065528200007],[51.25352137100003,29.630369152000092],[51.26729719900004,29.641814333000077],[51.30042320000007,29.64498362800004],[51.32271359200007,29.66991923100007],[51.27912697700003,29.71623913400005],[51.27205638300006,29.721094100000084],[51.25086867500005,29.716533442000088],[51.22716840900006,29.739310666000062],[51.19676373200008,29.714719386000066],[51.17324221500007,29.71846508700004],[51.16375472500005,29.729788825000075],[51.142642513000055,29.71940498900007],[51.01924113200005,29.781296048000062],[50.881169784000065,29.785682138000034],[50.857005567000044,29.772977279000052],[50.81744555800003,29.78951947800006],[50.799746981000055,29.786210759000063],[50.75588750600008,29.79915108000005],[50.731184616000064,29.797788656000044],[50.72919540000004,29.807665413000052],[50.68207190800007,29.819892238000094],[50.66630102400006,29.849516208000097],[50.683226587000036,29.871353426000038],[50.68657329800004,29.862731984000067],[50.70224860800005,29.872119728000037],[50.71000660800007,29.866394413000048],[50.71397487300005,29.882486459000084],[50.692201684000054,29.890444216000066],[50.68920702100007,29.907313445000064],[50.663679725000065,29.91741916500009],[50.64467401100006,29.95350360200007],[50.60728841000008,29.949516765000066],[50.630405807000045,29.97040248500008],[50.691535486000085,29.997413388000062],[50.733176435000075,29.99741163000007],[50.824874546000046,29.973818676000093],[50.83956092900007,29.97598602000008],[50.85878677100004,30.02645019100004],[50.87768206100004,30.053770774000025],[50.903074408000066,30.080416603000074],[50.94353628100004,30.099393305000046],[50.94092886000004,30.123335286000053],[51.003851103000045,30.176712059000085],[51.01860877400003,30.185268147000063],[51.048955489000036,30.18155753000009],[51.057467968000026,30.194188726000046],[51.06910096800004,30.19739352100005],[51.10002843400008,30.189305819000037],[51.13917496100004,30.213599691000077],[51.148761385000064,30.207625686000025],[51.18209419200008,30.207905398000047],[51.196817302000056,30.23540579400005],[51.24593877600006,30.260994946000043],[51.27711815200007,30.291638631000083],[51.276870392000035,30.29876146700009],[51.23728924300008,30.32801736300007],[51.23662252700007,30.334799556000082],[51.243070817000046,30.348771130000067],[51.293384573000026,30.381729251000042],[51.27289556200003,30.411602292000076],[51.20242640300006,30.48067488500006],[51.18098273600003,30.526410299000105],[51.14318894000007,30.57976466300006],[51.14321988700004,30.604357808000046],[51.157093977000045,30.613467874000065],[51.19041413600007,30.66002223500004],[51.217866997000044,30.650122782000043],[51.248986460000026,30.619352180000107],[51.34608376600005,30.564579363000075],[51.355297035000035,30.546342022000058],[51.34858288000004,30.53298432600009],[51.35391541100007,30.51444309000005],[51.39153844400005,30.468520251000044],[51.459198119000064,30.464896821000032],[51.515636749000045,30.43197792500005],[51.58793489800008,30.43529326000005],[51.61994854800008,30.445992050000044],[51.64253398900007,30.42054606100006],[51.66510298900005,30.371878756000072],[51.72174929600004,30.3380255530001],[51.74109481200003,30.33661566900003],[51.785429382000075,30.362856581000095],[51.78784684000004,30.370266306000094],[51.77073219400006,30.382074490000033],[51.77297340700005,30.399921844000072],[51.827964171000076,30.427057095000084],[51.84084296800007,30.440918616000047],[51.84560381400007,30.461114918000106],[51.83684665000004,30.482466488000053],[51.839311466000034,30.51134303100003],[51.84946641800008,30.53797072200009],[51.88517684900006,30.586384390000067],[51.87731533600004,30.62014628600009],[51.85001767700004,30.6406095930001],[51.85936118700005,30.656674924000075],[51.85221773300003,30.66724302900009],[51.828624320000074,30.688615979000087],[51.79898828800003,30.69318311100005],[51.81141144900005,30.714268654000083],[51.86316561700006,30.746806747000065],[51.87855811500003,30.78157073200006],[51.87444104800006,30.811642916000032],[51.840600377000044,30.872133603000083],[51.83828770800005,30.897401516000077],[51.89513033600008,30.980610092000084],[51.90031013500004,30.997134844000072],[51.88920456000005,31.037015444000097],[51.97102393000006,31.140762187000078],[51.96904552500007,31.31389482500004],[51.92485795300007,31.42578879500009],[51.98484076200003,31.51158044700002],[52.006560654000054,31.521115900000055],[52.01930732300008,31.57036954600007],[52.05414297400006,31.56958983700004],[52.051309217303036,31.579085228229214],[52.07462055900004,31.603633323000068],[52.101761476000036,31.61054422800006],[52.16466415700006,31.701107834000048],[52.203786378000075,31.7006178500001],[52.20682451400006,31.66595387700007],[52.255879348000065,31.618558213000032],[52.25776157300004,31.598151519000073],[52.26472251500008,31.5981162080001],[52.269726251000066,31.57350382500007],[52.27945183400004,31.56691818300007],[52.321491371000036,31.5567406110001],[52.35422277100008,31.562764826000052],[52.37141825000003,31.546704051000084],[52.401979115000074,31.554496324000073],[52.45393952100005,31.536161923000087],[52.515963449000026,31.49653183000006],[52.579484722000075,31.48881285900007],[52.80823464200006,31.48524368000006],[52.824239730000045,31.467092514000058],[52.873044966000066,31.435209274000044],[52.91150474500006,31.42550087000007],[52.930402754000056,31.40318489100004],[52.95720481700005,31.34583473200006],[52.95414543100003,31.298089981000057],[52.927389144000074,31.243326187000044],[52.91005897500003,31.23347282400006],[52.84718434600006,31.221365592000048],[52.83210091400008,31.200041038000087],[52.89666847400008,31.14352607500009],[52.98010841400003,31.150568440000043],[52.969605759000046,31.09767744100006],[52.97264001600007,31.035139525000044],[52.95341030800006,31.040062548000076],[52.97243187300006,31.03000174300009],[52.96773083100004,31.025489752000073],[52.94824304600008,31.031129074000052],[52.96057259000003,31.02058640500011],[52.94385589600006,31.01631227100007],[52.94488007400008,31.011147550000057],[52.97945263300005,31.017073699000058],[52.997779224000055,31.01143895800006],[52.99921606700008,30.999585650000043],[53.11982038300005,30.956006479000056],[53.31797813000003,30.855172874000104],[53.37437930500005,30.840348728000055],[53.40144956800003,30.817674509000042],[53.44984392317004,30.739615284809823],[53.51322658600003,30.713327818000042],[53.57267305400006,30.70160121200009],[53.731608055000045,30.692346873000094],[53.78191761100004,30.680277757000063],[53.83711377000003,30.652460248000082],[53.834625241000026,30.61910745300002],[53.91064273200004,30.478814278000076],[53.90056128000003,30.44914315300009],[53.90131699500006,30.41794272100003],[53.92331007900003,30.373899825000013],[53.923931810000056,30.348450102000093],[53.93624771100008,30.347338830000073],[53.93656331400007,30.29794244900007],[53.919742745000065,30.22611234700004],[53.90633101900005,30.238653851000063],[53.90204798800006,30.225233691000053],[53.88776410995984,30.230677445487714],[53.870428390333174,30.22018247178704],[53.88236078482316,30.21467195496607],[53.883615415000065,30.205755741000097],[53.91149062000005,30.20241468000007],[53.87047339100008,30.17124729300009],[53.87675965900007,30.160598482000083],[53.893140439000035,30.15588676900007],[53.88767363300008,30.152609622000067],[53.88766227801017,30.121760496965862],[53.89397095700008,30.10283555700007],[53.941012532000066,30.052379835000078],[54.04308237500004,29.996654295000038],[54.06900514300003,29.974328854000102],[54.09780675500008,29.972550717000058],[54.090510950000066,29.956010439000085],[54.105146381000054,29.86729807000006],[54.097405656119,29.788749236232896],[54.12158549600008,29.776090220000075],[54.211145127000066,29.612204630000083],[54.24999453400005,29.592273943000084],[54.40316956400005,29.623083170000047],[54.46275564700005,29.621236718000052],[54.490185602000054,29.634714077000073],[54.53257193600007,29.629799647],[54.63417176806001,29.595389614997966],[54.703894639000055,29.612324673000046],[54.73572785700003,29.612690044000043],[54.80231574000004,29.591897073000066],[54.85717666100004,29.542181716000087],[54.98049445000004,29.394447067000044],[55.01812239900005,29.305369208000055],[55.029193906000046,29.252447364000055],[55.022001025000066,29.041386525000092],[55.08177961200005,29.012674450000087],[55.08584021200005,29.001549729000054],[55.10368169100008,28.992899321000053],[55.10825817800003,29.002879151000073],[55.11097076200008,29.00297432800007],[55.11030843100008,28.985921433000055],[55.120540162000054,28.998036947000067],[55.16069069200006,28.96368306500007],[55.181701333000035,28.961940111000057],[55.21551942300005,28.94099093900006],[55.19136789300006,28.927130578000067],[55.18708256800006,28.91694990600007],[55.21249469900005,28.90283238300006],[55.20105866800003,28.894069802000068],[55.22457795200006,28.849962206000065],[55.248243872000046,28.827302442000093],[55.24504915500006,28.78570556300008],[55.25324376502481,28.714535228720546],[55.31559779200006,28.688324421000065],[55.36377049000004,28.652587677000056],[55.417540391000045,28.524693088000067],[55.44695273000008,28.508263606000078],[55.44493349600003,28.487335874000074],[55.40833219900003,28.45779359400008],[55.41190139200006,28.3043890530001],[55.40547530300006,28.24876152700006],[55.41673895900004,28.21798073900006],[55.41406309900004,28.184235278000095],[55.40669835400007,28.16417081000004],[55.329470152000056,28.08133631100005],[55.39706833000008,28.053508430000086],[55.38099853521754,28.029173177985644],[55.40120302100007,28.012614309000085],[55.46930974400004,27.990002071000053],[55.48866300900005,27.983950177000068],[55.59169640400007,27.99008106900006],[55.68249250200006,27.96764858900009],[55.69553183900007,27.950684204000034],[55.68474630700007,27.929902870000053],[55.68429142300005,27.911326030000083],[55.70239019100006,27.90699588600006],[55.711442171000044,27.876286260000043],[55.740151413000035,27.84739113100008],[55.73326076600006,27.84614872000006],[55.741648127000076,27.843800419000058],[55.73668246200003,27.822520427000047],[55.64461638600006,27.822805473000074],[55.57928428500003,27.80438931700009],[55.53481360600006,27.770753311000103],[55.51197882800005,27.743756610000066],[55.50132428000006,27.706187655000104],[55.39951070300003,27.679824467000092],[55.35592003800008,27.623031652000083],[55.32991429900006,27.55007047000006],[55.307319549000056,27.527455022000048],[55.290964116000055,27.48209354400006],[55.263239162000055,27.44659065900006],[55.20745205600008,27.417296103000098],[55.162084827000065,27.430052785000065],[54.924949197000046,27.43604632200004],[54.913558668000064,27.444779663000087],[54.72513236600008,27.48635749900009],[54.689071279000075,27.47786317900007],[54.39559382500005,27.453078846000075],[54.319110023000064,27.458693714000056],[54.25081547900004,27.45339795900004],[54.09795248900008,27.388401459000104],[54.004758673000026,27.36653652500009],[53.947567684000035,27.329215549000047],[53.90114169000003,27.286528519000058],[53.88635250100003,27.24797197200008],[53.96173909500004,27.179613739000057],[53.98246971500004,27.169125525000037],[53.945702826000065,27.13712882800008],[53.85210088100007,27.08785070800009],[53.78555450600004,27.081277765000042],[53.741021214000064,27.085951379000075],[53.53820496700007,27.162337696000087],[53.415521255000044,27.130830220000078],[53.38840107400006,27.142798027000037],[53.37861829800005,27.169748758000043],[53.33678804500005,27.214154706000055],[53.29317314800005,27.23223479600006],[53.15399986700004,27.26693076300006],[53.14368246300006,27.27696311600007],[53.04382141200006,27.31074566100007],[52.99953844600003,27.343152080000053],[52.91338394400003,27.37350639500006],[52.87705550800007,27.412688980000045],[52.83233391000005,27.440541152000048],[52.820164256000055,27.459469969000065],[52.82753222600007,27.47550582600008],[52.817677883000044,27.480182340000066],[52.80820050400007,27.504067384000077],[52.77776415600005,27.484792657000074],[52.71734825100003,27.526436467000067],[52.716015139000035,27.53848888300009],[52.69760637600007,27.54163874000008],[52.69599693400005,27.550361087000066],[52.68452622600006,27.552907675000036],[52.68020933400004,27.547321308000054],[52.67478814100008,27.55323385400002],[52.67829682900004,27.56506797900008],[52.65024879600003,27.558856990000084],[52.65400619600007,27.571424802000035],[52.63956523500008,27.579163762000068],[52.63987855400006,27.58896502400009],[52.62491430300008,27.5952899260001],[52.632891208000046,27.60368298200008],[52.606353338000076,27.604648553000086],[52.58225020000004,27.61582085100003],[52.589117034000026,27.63129533400008],[52.563502963000076,27.640591333000053],[52.53271339100007,27.68484034100006],[52.51152314400008,27.666075379000073],[52.49687763300006,27.672489524000103],[52.49429162200005,27.690655259000057],[52.48488785100005,27.69814040300006],[52.46823074400004,27.696296649000057],[52.457648170000034,27.70630130400008],[52.444104465000066,27.703454073000056],[52.43706076836394,27.71741780484852],[52.41671224900006,27.72756722200007],[52.443768437000074,27.772516912000086],[52.471819122000056,27.787547833000087],[52.491566069000044,27.78885964300004],[52.48837533200003,27.80982734300008],[52.48221373900003,27.812975451000057],[52.47510715400006,27.80651820300006],[52.439289837246655,27.844321992084293],[52.44893641175117,27.8562191158705],[52.44131212659073,27.88197629641292],[52.393842305513154,27.901253704754946],[52.380161402000056,27.917004509000048],[52.36525828900005,27.913454407000092],[52.31751489800007,27.98545952900002],[52.32402419006885,28.028307751267523],[52.286979675000055,28.03460095200007],[52.16284962135824,28.14496478247324],[52.15364389800004,28.163913763000057],[52.12995216100006,28.166987637000062],[52.12881063800006,28.17218064700007],[52.15644839500004,28.179458607000093],[52.17814977100005,28.217678984000038],[52.16523051300004,28.245200618000087],[52.141114823000066,28.25773582700006],[52.14023002000005,28.26620560400007],[52.11448127300008,28.273867469000038],[52.12153221400007,28.283703213000045],[52.111487701000044,28.311760724000067],[52.11641221600008,28.32671720000011],[52.08309986100005,28.363205432000044],[52.053352887000074,28.427123968000053],[52.065641513464826,28.42710272826311],[52.05567182300007,28.445512689000072],[52.06079283500003,28.455400584000106],[52.080427900000075,28.465318421000095],[52.06601189600008,28.509081342000087],[52.04934291900003,28.522837152000083],[52.04963311800004,28.53180709800006],[52.03427029100004,28.549170566000058],[52.04368249500004,28.56798071000003],[52.035417074000065,28.58379672000008],[52.019193820000055,28.59288315700008]]]}},{"type":"Feature","id":"01","properties":{"ostan":"01","province_name":"گیلان"},"geometry":{"type":"Polygon","coordinates":[[[49.12486433700013,37.08973917000014],[49.090734127000076,37.11649476100015],[49.049486671000125,37.12972133500013],[48.99721380200003,37.13728752500016],[48.95460664500018,37.1328884350001],[48.93142152400003,37.151395560000104],[48.918746335000094,37.17324975800018],[48.92567966600012,37.18754215500014],[48.89623628300012,37.21132833400009],[48.87633356000015,37.254000408000095],[48.86993437600006,37.2748896600001],[48.874576907000005,37.29541308100012],[48.84252634000018,37.31121401200017],[48.811104383999975,37.3505689070001],[48.80733969100015,37.38828767600014],[48.77838412700015,37.40585392600021],[48.686597123000126,37.50837206500019],[48.68636069000019,37.53297712500013],[48.670220203999975,37.56352582400009],[48.679597493000074,37.573721239000136],[48.67828870900013,37.58348107400009],[48.662840499000026,37.602659497000175],[48.61208893300011,37.628847169000174],[48.603273160000185,37.66583473200013],[48.58823236300009,37.681408661000056],[48.592977273000145,37.70023000600008],[48.61292010800008,37.70044107300006],[48.629990301000134,37.70932247400011],[48.643881233,37.77530746700021],[48.61847564900012,37.78918616900013],[48.60428661400016,37.77969461500011],[48.591656705000105,37.78155017800004],[48.56857584200009,37.801853018000045],[48.560954177000156,37.818857466000125],[48.57286591200011,37.84185063899998],[48.557915713000114,37.861367426000214],[48.56009930500011,37.89958805800012],[48.54052777400017,37.89681060700015],[48.53482188000004,37.905913921000185],[48.55337960600019,37.93007707000007],[48.59116967400007,37.94190982400012],[48.59051340200011,37.97004931500006],[48.603036069000154,37.99359987300018],[48.58861164500007,38.00461359100014],[48.586737812000194,38.016311874000074],[48.60663289600012,38.04125552900003],[48.63888435800004,38.054648911000136],[48.65490904200004,38.09152348800014],[48.65026259500007,38.10377211400006],[48.681331902000125,38.16374809300012],[48.6895867720001,38.2039344540001],[48.70858604500012,38.21327409800014],[48.69318074600011,38.22402465200004],[48.68979323500008,38.23918110400015],[48.69922980300015,38.2556878570002],[48.673812884000085,38.27598442000006],[48.67381204400016,38.30971793900007],[48.63925156800019,38.29760671700002],[48.610129485000186,38.317569504000176],[48.598492225000086,38.3183408630002],[48.60304323600013,38.33036530100016],[48.5738704580001,38.36967411200017],[48.58247916100015,38.402290589000096],[48.572809876000065,38.41306603100011],[48.57142430000005,38.42852167100015],[48.58801811700016,38.44847961500017],[48.60223453900011,38.420323484000114],[48.62334753700014,38.404760652000114],[48.665293906000045,38.39670517000008],[48.745296397000175,38.418375046000186],[48.76544198000016,38.439957467000085],[48.77819060700011,38.44068658500017],[48.78928517700007,38.45084431800014],[48.880130148000035,38.446496211000195],[48.873939207000035,38.33961781400017],[48.883509261543345,38.296053750580235],[48.880739317000064,38.27909604400016],[48.89596079200015,38.23032668899999],[48.89148330800009,38.2163113280001],[48.917323977000194,38.143261188000125],[48.90986597300008,38.130275563999994],[48.91682068500012,38.101703670000134],[48.91028760000007,38.08399469800005],[48.92136494800013,38.03986546100016],[48.92117909000007,38.0055381270001],[48.939043884000114,37.96569110600014],[48.93165617800008,37.90486957600019],[48.94805986900008,37.8694200170001],[48.97826265900011,37.83449069800009],[48.97423226800015,37.79637603700009],[48.99673855500009,37.76051041000007],[48.99454004400013,37.74788595800016],[49.00308088600019,37.73063769400019],[49.09697161500014,37.63876048400017],[49.24093378000015,37.54988104000018],[49.34654351000007,37.50782798200006],[49.45957312060313,37.48043261637231],[49.46758788227505,37.46564586346592],[49.46531795386056,37.48051052374173],[49.64920137900003,37.457716938000026],[49.8466909660001,37.445950528000104],[49.901339122000195,37.45187482700006],[49.89681020500018,37.461677242000135],[49.88979981600005,37.460690623000154],[49.91781855600016,37.476759780000194],[49.94798819400012,37.45834714700007],[49.957299502000126,37.43144648300001],[49.96686122600005,37.430120164000115],[49.96419219100011,37.43761303500008],[49.99376553600018,37.42120757500016],[50.03902298200007,37.40839025800007],[50.153859122000085,37.39348585900015],[50.1988666740001,37.37937279100018],[50.224163366000035,37.34634006200004],[50.22570687657117,37.308839740561694],[50.274221112814196,37.21686661450275],[50.28704139600018,37.1756084090002],[50.312659692890634,37.141451439932105],[50.46835745100003,37.03926046900017],[50.47403197200015,37.026035301000185],[50.57401690700016,36.981454452000044],[50.59624299100011,36.96441595100012],[50.568445796000105,36.94875408100007],[50.56246103200016,36.929749670000156],[50.52261213500003,36.88675189999999],[50.51016972000008,36.89150566800005],[50.49993554300016,36.87688794600009],[50.45137363900005,36.87174951100013],[50.42808636700011,36.848765398000076],[50.422854118000146,36.826618413],[50.404323656000095,36.81146818900005],[50.42535866900016,36.795757834000064],[50.436939919000054,36.77384005600007],[50.43506136700006,36.74831738800007],[50.41434766500004,36.71876396900019],[50.41287528300006,36.68760401200012],[50.34906096400016,36.63766002000007],[50.327715534000106,36.6394114630001],[50.301219929000126,36.66581873800006],[50.26580621900007,36.68425712100004],[50.24013550700005,36.666918570000135],[50.20916910600005,36.68192021600005],[50.20375985300018,36.67234214100008],[50.056527690000166,36.68038955900012],[50.04959551800016,36.67611499000007],[50.05198495400015,36.65925624700005],[50.06305255000018,36.63712295100011],[50.05123641900013,36.61353937300017],[50.033443013000124,36.6063638970001],[49.91856407,36.626742978000074],[49.9084691970001,36.61942802600005],[49.913082989000095,36.60946936200007],[49.90623745400012,36.59114919700013],[49.893960867000146,36.5841104570002],[49.879810773000145,36.554805862000165],[49.82607376500016,36.550608526000154],[49.750392323000085,36.569177627000116],[49.73735433100012,36.557250158000116],[49.71915930199999,36.58263141000017],[49.66060075400003,36.61225699700012],[49.64825050100001,36.61289049400018],[49.64264837900016,36.601513870000126],[49.61024278000019,36.6074973300002],[49.596422478000136,36.599306152000146],[49.554866382000114,36.60826615900012],[49.48774672600019,36.605258500000005],[49.468198493000045,36.61129160400004],[49.479938686000025,36.64310615800023],[49.3872459370001,36.70096280400016],[49.36151698300006,36.73250581600004],[49.33221727100017,36.74864408100014],[49.319543627000144,36.77768867600015],[49.294589919000146,36.806965550000115],[49.27579574900011,36.81533999900014],[49.23560208200007,36.909760704000085],[49.20454743400012,36.94851355900007],[49.17073824399967,37.02129359700004],[49.12486433700013,37.08973917000014]]]}},{"type":"Feature","id":"30","properties":{"ostan":"30","province_name":"البرز"},"geometry":{"type":"Polygon","coordinates":[[[50.36515183800003,35.65510591100009],[50.32970418900004,35.61027865500007],[50.33707348400003,35.575798039000084],[50.32888920200003,35.54668838000005],[50.28478221000006,35.53672174400006],[50.202267997000035,35.530256752000085],[50.20259032600006,35.57544964500005],[50.19479517500008,35.58459669000008],[50.177768118000074,35.585518605000075],[50.16232808400008,35.62096101300005],[50.17890269800006,35.631932883000054],[50.217625542000064,35.63235013000009],[50.23690181000006,35.65549513200007],[50.24991533100007,35.79058813200005],[50.28936911400007,35.83465532300006],[50.35704981300006,35.86188158500006],[50.377372454000074,35.876783836000065],[50.39382623000006,35.90828180700006],[50.41231350700008,36.00172395700002],[50.451816962000066,36.00808612900006],[50.497643597000035,35.99994056800004],[50.520308948000036,36.021583808000074],[50.551080865000074,36.02927003300006],[50.601969507000035,36.096042155000085],[50.622121339000046,36.102898499000084],[50.66980941000003,36.10380799700008],[50.68031978400006,36.11455499000005],[50.633109759000035,36.149344239000094],[50.58099350200007,36.16839907000009],[50.575045832000065,36.179994716000074],[50.553135972000064,36.177701611000025],[50.538199285000076,36.18675926900006],[50.50866320400007,36.22365536700007],[50.48878385900008,36.222535306000076],[50.43055864400003,36.248412698000045],[50.43154526300004,36.265429492000074],[50.42088936400006,36.27450646200005],[50.41820665400007,36.29074591300011],[50.457250041000066,36.30233846600006],[50.465599903000054,36.31821381000005],[50.500733840000066,36.319797315000095],[50.530195270000036,36.29474351700005],[50.55650409900005,36.310404587000065],[50.59944109200006,36.30184276400009],[50.62803125100004,36.28706190500004],[50.65913066500008,36.286129092000095],[50.68979649900007,36.30628774400004],[50.69338641000007,36.31746095200007],[50.81596001100007,36.3025572700001],[50.849464960000034,36.314229255000065],[50.85309498600003,36.32060769900007],[50.84622058700006,36.32730654500008],[50.87213139000005,36.33626010000006],[50.88143830800004,36.35090588500006],[50.90291809800004,36.337666182000106],[50.90248727000006,36.30916798700009],[50.91850857000003,36.28655903600004],[50.96398029600005,36.273032935000074],[50.999750567000035,36.24857836000009],[51.13571155000005,36.21008102600008],[51.24942878500008,36.20969519900007],[51.240841204932416,36.198989068891755],[51.249679867000054,36.17304430500009],[51.30679940900007,36.16513331100004],[51.33122809000008,36.15353043900009],[51.34632209900008,36.16033738400009],[51.431693024000026,36.16029219600008],[51.50277495900008,36.116461972000025],[51.525449836000064,36.081356984000045],[51.460474936000026,36.02404241700005],[51.42011692300008,35.9774606490001],[51.395741043000044,35.93448337600006],[51.379114669000046,35.921646975000044],[51.35157459000005,35.92279456500008],[51.26957863700005,35.966046162000076],[51.15600441301352,35.99666592470169],[51.18740755300007,35.922391558000086],[51.11026955787788,35.838630861062825],[51.122506772000065,35.7821060840001],[51.094153971000026,35.749908597000065],[51.10066939500007,35.738813846000035],[51.07680211500008,35.72596755600005],[51.04496960100005,35.726395500000045],[51.02685734200003,35.73617570400007],[51.019201758000065,35.725516771000066],[51.01083685400005,35.72584238500006],[51.00263518700007,35.700108560000054],[50.939230262059844,35.711799971748455],[50.93533280400004,35.701326045000044],[50.92267764400003,35.714815928000064],[50.91082332700006,35.69388952500004],[50.89767623400007,35.710724517000074],[50.89849894797601,35.72249941530948],[50.851567415000034,35.70589479000008],[50.81189870600008,35.70667545600001],[50.80398524300006,35.69775462000008],[50.77057046200008,35.703986112000074],[50.73990727100005,35.682479133000086],[50.604816026000044,35.68280469300004],[50.479875667000044,35.67248248700002],[50.36515183800003,35.65510591100009]]]}},{"type":"Feature","id":"09","properties":{"ostan":"09","province_name":"خراسان رضوی"},"geometry":{"type":"Polygon","coordinates":[[[58.359953278000035,34.31698536200003],[58.26536089500007,34.30162536500006],[58.296122633000046,34.27871081000009],[58.26995500000004,34.255174381000096],[58.25802994400005,34.26301832700006],[58.244932753000064,34.261754369000094],[58.24012923200007,34.2426837940001],[58.220352862000034,34.220017569000056],[58.18469462200005,34.23729378300005],[58.12436760300005,34.235772036000085],[58.04357365200008,34.281293761000015],[58.01373284200009,34.27617180800008],[57.980619901000075,34.28755887700004],[57.92474314600008,34.318314263000055],[57.911049924000054,34.316320196000056],[57.88688242600006,34.340864328000094],[57.76417858000008,34.34862659500005],[57.793228131000035,34.37970746300006],[57.806072554000075,34.42899933400003],[57.826897601401946,34.469001717568375],[57.82304230900007,34.49563230200006],[57.78549954500005,34.50722556700005],[57.84724882200004,34.578873971000064],[57.84622440500005,34.66002553600006],[57.85689379300005,34.66965843900006],[57.860469410000064,34.70681483900007],[57.87543473000006,34.740825867000076],[57.89540044600005,34.75003679900005],[57.90930415500003,34.76775347500008],[57.928676557000074,34.81781167600007],[57.929682365000076,34.8529258340001],[57.9547288951638,34.88707026502503],[57.75445172900004,34.850773689000064],[57.76154170440908,34.91581185372028],[57.71167730500008,34.925047094000035],[57.68760988900004,34.95267719300008],[57.61822148100025,34.99490848399985],[57.59163071700005,35.00026588400006],[57.56475783600007,35.01584498700003],[57.542726911000045,35.0107817740001],[57.526643900000074,35.01568497000007],[57.50327771000007,35.04382333600009],[57.48505592900005,35.093831087000076],[57.46000684900008,35.12288062000006],[57.41520429000007,35.11252608100008],[57.38171693000004,35.11461317600005],[57.369476106000036,35.10410096200009],[57.25024728300008,35.10088670500005],[57.14428308100009,35.067147276000085],[57.01616148900007,35.004888735000065],[56.98232515800004,35.003675765000054],[56.95055630200005,34.98277895100006],[56.90026340600008,34.985872824000076],[56.83432632900008,34.961355966000056],[56.817331753000076,34.93463882300007],[56.83442541200003,34.938880713000074],[56.845327764000054,34.93027853800005],[56.850363110000046,34.91931889800005],[56.84207751900004,34.9018209060001],[56.81837673500007,34.88038619400004],[56.79515270300004,34.84044162400006],[56.755819262000045,34.80908493200008],[56.74250968800004,34.784247478000054],[56.59263394700008,34.724284708000035],[56.56550766200007,34.72360958900004],[56.50042503800006,34.69089112800004],[56.412999884000044,34.68656552900008],[56.31888380700008,34.693497123000064],[56.22937974100006,34.71116326100004],[56.22651949400006,34.789673855000046],[56.48090309000003,35.02054003100007],[56.53506234400004,35.054688020000064],[56.645456169000056,35.06649598200007],[56.67600370200006,35.061014482000104],[56.70185060500006,35.10752000200008],[56.761117771000045,35.128678532000066],[56.77704489600006,35.14918803100007],[56.806632378000074,35.160752117000094],[56.84114019900005,35.19465617700009],[56.88876337000005,35.20071765500008],[56.94252149200008,35.220325212000056],[56.995461574000046,35.208856856000075],[57.025412592000066,35.24571017800003],[57.04840841400005,35.32487642300004],[57.04025356000005,35.35195141000005],[57.01535801000006,35.377602087000085],[56.992972380000026,35.42320916700006],[56.97799795200007,35.429700838000045],[56.98580161600007,35.453641627000025],[57.030468866000035,35.50026414500009],[57.04050041400007,35.52588823000009],[57.05101084800003,35.533282728000096],[57.04975422600006,35.542726771000055],[57.03033749000008,35.568314490000056],[56.98534216100006,35.58498546900007],[56.98787322100003,35.60345390700007],[56.965670930000044,35.63367299200008],[56.94996779100007,35.69217298300005],[56.93579707300006,35.712279572000064],[56.91960073000007,35.72143948700007],[56.90863021000007,35.743152029000065],[56.85220111700005,35.789779884000055],[56.75379191500008,35.854000986000074],[56.76144561800004,35.957791290000074],[56.75477596800005,35.992079052000086],[56.74451677900004,36.00779004800006],[56.74824382600008,36.11351975600007],[56.75699668400006,36.14369565500006],[56.754307650000044,36.15984579100011],[56.77161438400003,36.17544384400004],[56.770626406000076,36.20964050100002],[56.761314722000066,36.254780833000055],[56.73133930200004,36.29791727600009],[56.72962776900005,36.381402797000085],[56.73348348700006,36.394451017000065],[56.75386903100008,36.40035533500005],[56.84534331200007,36.492294526000066],[56.86805600500003,36.541438789000054],[56.86328756300003,36.562340753000086],[56.84981826100005,36.58416129800004],[56.83526011300006,36.592566626000064],[56.78828225900003,36.59083818000005],[56.75531597200007,36.606571761000055],[56.754905327000074,36.65885806300005],[56.78382736900005,36.67818588200004],[56.77251185100005,36.68834602800007],[56.763341499000035,36.681561830000106],[56.75191654400004,36.68662148500005],[56.681014814000044,36.66772524000007],[56.66339788800008,36.681732982000014],[56.60976487000005,36.69942254000008],[56.60350939400007,36.71547302900006],[56.61240918800007,36.73052774300005],[56.639425189000065,36.75000670600008],[56.69107738100007,36.76983203600004],[56.70606328500003,36.79333759500003],[56.737613371000066,36.80799041100008],[56.75020113000005,36.80450861500004],[56.76169575400007,36.810119398000055],[56.890130932000034,36.88830335800006],[56.91236311400008,36.8969780940001],[56.93646480700005,36.89537084600007],[56.955852280000045,36.88262952700008],[57.028883525000026,36.864189895000045],[57.125984739000046,36.845380683000045],[57.18956206000007,36.84174453400005],[57.50925569100008,36.771973112000076],[57.546682760000074,36.75195895800006],[57.55269160800004,36.74026017000008],[57.67769831700008,36.67476225200006],[57.73103033400008,36.655029081000094],[57.77144574000005,36.630769743000045],[57.80321700400003,36.628754579000045],[57.849133838000064,36.61010473400007],[57.92361112800006,36.57380291300007],[57.98518423900003,36.573136403000056],[58.019565172000064,36.59715641200007],[58.06382413800003,36.610530298000086],[58.08395792400006,36.63178540800006],[58.06585782700006,36.647787245000096],[58.088487300000054,36.68032765400008],[58.07594344900008,36.690767717000064],[58.09396536300005,36.6994348700001],[58.094503341000056,36.710956397000096],[58.07974851400007,36.718234002000024],[58.10105404400008,36.73891833600006],[58.09626198300004,36.74879949600007],[58.128276345000074,36.76829191600007],[58.12722240800009,36.78490474200005],[58.09699370800008,36.81308427800008],[58.07616652900004,36.86071421800007],[58.20517844900007,36.8941530750001],[58.21073764600008,36.88130239600002],[58.22267328200008,36.88161834900008],[58.34012482300005,36.95752307400007],[58.35846246700004,36.99715097500008],[58.352738680000066,37.008307744000064],[58.33400391241899,37.01870985229965],[58.26008305500006,37.03348023600006],[58.22852306600004,37.07600471200004],[58.17328268500007,37.096779741000056],[58.20786312100006,37.15179686200003],[58.268670204000045,37.15525590700004],[58.26659572000006,37.16569780200008],[58.239584854000036,37.17211721300005],[58.241093265000075,37.18191496200007],[58.27568186400003,37.189639462000066],[58.29904880600004,37.17747641200004],[58.30765473800005,37.183188693000076],[58.30400550200006,37.19371162700005],[58.30997816900003,37.19899974000006],[58.30068024000008,37.20215778000007],[58.34071390500004,37.22231385500005],[58.40204911100005,37.21397148400007],[58.42141179300006,37.22477634200006],[58.40798796400003,37.279693747000074],[58.30908227800007,37.35118475000009],[58.31697538300006,37.37450902400009],[58.36429060200005,37.40130275400003],[58.36828329600008,37.43609454100006],[58.341881597000054,37.462141204000076],[58.30470087800007,37.649876612000085],[58.29119252200007,37.663620158000086],[58.317242246000035,37.66132282000008],[58.32626525300003,37.667776254000046],[58.36653924300004,37.65693149300006],[58.365178522000065,37.63709884400005],[58.379256326000075,37.63646191000005],[58.38834120500008,37.626064988000074],[58.413584554000074,37.635663482000055],[58.484103253000065,37.63530430900007],[58.50872862200003,37.65273175800011],[58.51896299200007,37.67926068500004],[58.55949617300008,37.705417031000025],[58.59165830300003,37.69519582400007],[58.62833332100007,37.65970451700007],[58.69672517200007,37.63731278100007],[58.74184217700009,37.63148265600007],[58.756352861000046,37.66091273600007],[58.786155689000054,37.648538784000046],[58.78882319954816,37.64166426702421],[58.79646046800008,37.64334481200007],[58.81939180400008,37.67959947600011],[58.805471804000035,37.69819643300008],[58.816275088000054,37.69928579300007],[58.89624625700003,37.65563496700004],[58.93420412600006,37.654730199000056],[59.023957492000086,37.62329967500008],[59.051441153000034,37.6214685620001],[59.077861418000055,37.599010119000084],[59.08953602700007,37.59920494900009],[59.095466739000074,37.58812317800005],[59.10941917100007,37.587252724000074],[59.144362862000044,37.56122945700004],[59.15379757400007,37.56431319900002],[59.16594272000003,37.54878868300008],[59.17943553500003,37.54138484100004],[59.182278368000034,37.54570308600008],[59.22971373300004,37.51466734400004],[59.24086676200006,37.5231075400001],[59.27624855700003,37.51044742700003],[59.31599594000005,37.53069656400005],[59.35651525600008,37.52986474700005],[59.36218740700008,37.51216129700006],[59.38840353900008,37.48687152200005],[59.39101699800005,37.472875959000085],[59.38245940200005,37.449195732000085],[59.398176289000055,37.44932229600005],[59.41336587200005,37.43583866500007],[59.38340068200006,37.42115292300009],[59.378791136000075,37.41057508500005],[59.4016631430029,37.31491102500009],[59.41481808600009,37.30755186500006],[59.43493703000007,37.30829699400006],[59.43685896800009,37.288476765000084],[59.48578142700006,37.24757493700004],[59.49064217400008,37.230606946000094],[59.47592377700004,37.21861533600004],[59.552483700000046,37.17780560700003],[59.540961226000036,37.158640672000075],[59.55660838300009,37.13590510800005],[59.59730968100007,37.13470735400008],[59.618269446000056,37.121826163000044],[59.642985199000066,37.12206701200007],[59.65334882800005,37.142736572000075],[59.66288980400003,37.14576784900005],[59.72368437500007,37.13094159900006],[59.73076713700004,37.11921558500008],[59.756080323000056,37.10855929100008],[59.762679182000056,37.12524473600008],[59.77053997200006,37.12654453700006],[59.82956670800008,37.09805804700006],[59.83573482300006,37.10062827000008],[59.871870939000075,37.069029705000055],[59.92375101600005,37.04411885700008],[59.98347599700003,37.047130500000044],[60.029211590000045,37.034177315000115],[60.09111418800006,36.97398989000004],[60.09684759800007,36.936530802000064],[60.13417307700007,36.90074013300006],[60.16649498000004,36.85182975800007],[60.186945987000065,36.83276061200007],[60.213717958000075,36.824526313000064],[60.209548716000036,36.81718627300008],[60.21912448900008,36.799127530000085],[60.26347413600008,36.76593560800009],[60.27034885500006,36.74078028000005],[60.30079895000006,36.69010432900008],[60.34430501700007,36.642176531000096],[60.34434461600006,36.63136726500006],[60.605960563000046,36.629927286000076],[60.67419547500003,36.62338277700009],[61.13928523600003,36.64454516700005],[61.139603443000055,36.63639570100005],[61.147858064000054,36.63801864700004],[61.18458006800006,36.56585185000007],[61.17860890900005,36.52597983100005],[61.15693357700007,36.504713604000095],[61.16169996900004,36.496696286000024],[61.15745623300006,36.48370993400007],[61.165674761000055,36.481505768000055],[61.17379804500007,36.46144742900007],[61.157899961000055,36.45231887000006],[61.165081033000035,36.41452283000007],[61.14170839500008,36.397697231000066],[61.150764735000045,36.3728569730001],[61.14424800900008,36.362881760000064],[61.150537998000054,36.355231025000094],[61.14551658200003,36.339901429000115],[61.16011137000004,36.32697840800009],[61.14886166300005,36.323962619000056],[61.153392095000065,36.31199952900006],[61.16233472900007,36.312295890000044],[61.154608060000044,36.307216554000064],[61.15747952100003,36.29878493600007],[61.17142234900006,36.290980497000106],[61.188182031000046,36.2603015980001],[61.18045177200008,36.25099610300005],[61.190999238000074,36.23922312300005],[61.18821315800005,36.22651981300008],[61.200765199000045,36.221234790000054],[61.20762693400007,36.19429218100004],[61.22421784000005,36.18205952700004],[61.21504317600005,36.14838578700005],[61.21906339200006,36.13837481800004],[61.209235429000046,36.12866051700011],[61.22880361800003,36.11936276400007],[61.22548506600004,36.11075133300005],[61.209088635000064,36.10969922900008],[61.202877484000055,36.09190530700006],[61.18095648500009,36.06896190000004],[61.181257301000066,36.052155882000086],[61.16123259900007,36.03533219100007],[61.170936992000065,36.01064869900007],[61.16372002800005,36.00772966100008],[61.16789096100007,35.98973974500007],[61.14075400200005,35.98167589800007],[61.130681707152185,35.96859818076348],[61.11424590400003,35.96237070600006],[61.14176763800003,35.94853173100009],[61.16853481398883,35.95174506689658],[61.189125973000046,35.946008182000085],[61.23273232500003,35.91405679200007],[61.22518621600005,35.89096409600009],[61.24219685200007,35.89175576800007],[61.23543893100003,35.87536555200008],[61.25596858600006,35.84925552100005],[61.26084088500005,35.824167818000056],[61.25192253400008,35.815473383000054],[61.26447751700005,35.803169288000056],[61.248224081000046,35.786292456000076],[61.25348665100007,35.76068346400007],[61.24518879400006,35.751288964000054],[61.24890223100005,35.72700810700009],[61.23650231100004,35.71507887600008],[61.23536664100004,35.70324500100005],[61.22409077200007,35.70462590400008],[61.220185627000035,35.676398504000076],[61.22795010300007,35.64907013700004],[61.23394706700003,35.65366876400005],[61.24710734300004,35.646507823000064],[61.249695778000046,35.62713945700007],[61.27115302100003,35.61635423400004],[61.27661084200008,35.59841587000007],[61.26931496800007,35.59228735600007],[61.27702270100008,35.58592831400006],[61.26943721200007,35.56310919700011],[61.28217872700004,35.542674770000076],[61.27571994200008,35.52189818000008],[61.26198493300007,35.51168042200006],[61.25237203000006,35.481509585000026],[61.22404445900003,35.44749526000004],[61.23115180200006,35.42942911000007],[61.18915876400008,35.403354497000095],[61.194153791000076,35.38822080200006],[61.199877437000055,35.39073219100004],[61.193625515000065,35.38312851200005],[61.201086230000044,35.37626068200007],[61.185156236000076,35.37223368700007],[61.18634763300008,35.361041809000035],[61.17879957100006,35.359651024000094],[61.175964269000076,35.34380271500007],[61.19150423700007,35.32012122200008],[61.18872382200004,35.29567746000005],[61.16526723400006,35.29048082700009],[61.15766387900005,35.27777794600009],[61.15564655800006,35.2865917120001],[61.11863729400005,35.28086825100009],[61.10839951100007,35.28511442500008],[61.09150459300008,35.26376162600006],[61.10284338200006,35.23630473800008],[61.09886374200005,35.22067922200007],[61.117908456000066,35.209686675000064],[61.104782102000065,35.20488566800006],[61.10850143900007,35.19590577200009],[61.09244469100008,35.18987131100007],[61.09505019900006,35.18078569000006],[61.08651791400007,35.17391583500004],[61.12641451000008,35.15543898100005],[61.111366138104366,35.1547297175247],[61.12964205200007,35.13262839600004],[61.14457590800004,35.13889296300005],[61.13091253800008,35.10858172100007],[61.142043585000074,35.10727223900006],[61.13249313600004,35.090770138000046],[61.13960564100007,35.093451335000054],[61.14597041000008,35.086156999000025],[61.13413316800006,35.08475104800005],[61.13449557500008,35.07386372600007],[61.12224622900004,35.073253646000076],[61.127349554000034,35.0641520390001],[61.11176576400005,35.064353643000075],[61.11954261100005,35.06102173600006],[61.112121079000076,35.05119631100008],[61.112163164000044,35.03067321500004],[61.10394655800007,35.028561677000056],[61.11229194000004,35.02851824400004],[61.108366568000065,35.021962482000056],[61.123496694000046,35.01586886300003],[61.11026750600007,35.012086306000086],[61.11663317000006,35.005473734000084],[61.10009797200007,34.98788167300008],[61.10720583300008,34.98449898500009],[61.09721316700006,34.980239090000076],[61.09936426400003,34.966243782000056],[61.09095956300006,34.95026234500006],[61.08147389197524,34.95080076098582],[61.08721360800008,34.94388546500006],[61.076434990000045,34.93323639400008],[61.06587434100004,34.932950567000056],[61.07415178200006,34.92001692600007],[61.06723392600003,34.91496621900008],[61.07143008300006,34.910436749000056],[61.05895286100008,34.90603811700006],[61.07529091100009,34.89223811700005],[61.08081393700007,34.87450623500009],[61.07015622000006,34.86863820900007],[61.07798685800004,34.85968645200008],[61.07109328200005,34.85156310500004],[61.07769410900005,34.83918988800008],[61.06702501200004,34.835940968000074],[61.07205032600007,34.831300606000084],[61.06823355500006,34.82000609800011],[61.07630317000008,34.81674965000008],[61.00674970700005,34.71432107300008],[61.001618705000055,34.646209629000055],[60.98937272500007,34.62744396900008],[60.92559997400008,34.626351407000065],[60.90127734300006,34.57118132300011],[60.854804852000036,34.546053792000095],[60.82684843500005,34.54851560500005],[60.74659334100006,34.52987982900005],[60.74338489000007,34.52228434400007],[60.77914271400005,34.49276768200011],[60.80615865900006,34.48007106700005],[60.845497495807194,34.407549064080584],[60.85329436500007,34.373294679000054],[60.91050515900008,34.323569545000076],[60.918874508000044,34.2979566920001],[60.811185652000056,34.311303035000044],[60.68164374600008,34.30855736600009],[60.67199276000009,34.280783648000096],[60.590760154000066,34.21713182700009],[60.54768539800005,34.14554110300004],[60.50033809269056,34.11761180776423],[60.46885801600006,34.08395220400009],[60.513848118000055,33.97551088900009],[60.476644184000065,33.965179661000064],[60.38198157600005,33.92051992500007],[60.332916793000045,33.94170843900004],[60.285683243000044,33.923014767000055],[60.21307897900005,33.91724611700006],[60.20052529700007,33.89949633400005],[60.158467140000035,33.87380048100006],[60.14207797800004,33.87500180900004],[60.08525460500005,33.90429249800008],[60.12260876400007,33.94830741000006],[60.10978283300005,33.96169772300006],[60.00924269800004,33.97467466900003],[59.874347614000044,33.97753889200005],[59.80491987500005,34.01090611300005],[59.70377307600006,34.03218796600005],[59.660535638000056,34.03148649500006],[59.640764417000064,34.04983532000008],[59.49938546300006,34.045970463000074],[59.46866008500007,34.05844955500005],[59.40707254500006,34.10014377800007],[59.37614837732614,34.110964287986576],[59.30331069500005,34.07249346500005],[59.29874617000008,34.081094667000066],[59.23697133000008,34.09326445300009],[59.22097056600006,34.11010869700006],[59.17249672200006,34.115953049000076],[59.140644061000046,34.10845644400009],[59.101133349000065,34.12348192800007],[59.033836834000056,34.12684922400009],[59.02803291600002,34.11658288700007],[59.00202369974657,34.11734848665002],[58.99964464600004,34.09937580300005],[58.969598716000064,34.07788295000008],[58.96726394800003,34.06958431600004],[58.888897685000074,34.0786341720001],[58.84757636200005,34.10338766900004],[58.791452054000054,34.08630897200004],[58.738864138000054,34.085606140000046],[58.68492651100008,34.098948270000065],[58.66882746500006,34.082673086000064],[58.64705871300003,34.07380068800008],[58.65102674000008,34.06749595800008],[58.56978789000004,34.04799222000004],[58.515254178000085,34.09075290700005],[58.49101084700004,34.07569701500008],[58.465348592000055,34.08156967900005],[58.45834906300007,34.11353272800009],[58.46701044200007,34.13843530000005],[58.44692044900006,34.15768558200007],[58.431324337000035,34.18662974500008],[58.43358720100008,34.19530324100006],[58.417259613000056,34.219132550000054],[58.41461982800007,34.251671324000064],[58.39981159100006,34.25647410500005],[58.36945445300007,34.288362774000056],[58.359953278000035,34.31698536200003]]]}},{"type":"Feature","id":"26","properties":{"ostan":"26","province_name":"قزوین"},"geometry":{"type":"Polygon","coordinates":[[[49.70755614500007,35.536282996000075],[49.67590325800006,35.52591844700005],[49.68613237900007,35.49826135400008],[49.68009619400004,35.45158978800008],[49.66299504400008,35.446402224000074],[49.63962856900008,35.45781452500006],[49.60882243400005,35.45373755300007],[49.570777451000026,35.40653222400005],[49.578196207000076,35.39950398100008],[49.57497934600008,35.39186789700007],[49.538293304000035,35.40367081300009],[49.49333371100005,35.38844954500009],[49.457608949000075,35.41016164300005],[49.40971862500004,35.422285501000054],[49.38792573200004,35.44609522400006],[49.22334382100007,35.47418452200005],[49.14478765200005,35.49798798400008],[49.13254591300006,35.51621305700009],[49.13629185900004,35.54241964500007],[49.13107837300004,35.56124733300005],[49.09905196800003,35.57297553000007],[49.090320157000065,35.592562162000036],[49.05591759600003,35.60153163400005],[49.030766656000026,35.62714432300005],[49.01072474800003,35.62425699100005],[48.99355817900005,35.64281294000007],[48.90647901900007,35.691934620000055],[48.81027216000007,35.71328758100005],[48.78398065600004,35.74100701900007],[48.769894468000075,35.74239395100007],[48.74730931000005,35.726300547000065],[48.730861229000034,35.7335823120001],[48.725581377000026,35.76024787000008],[48.75280764900003,35.806086070000056],[48.75641741600003,35.82470024300009],[48.77475049800006,35.84497260900004],[48.784473672000054,35.884145878000034],[48.82753314200005,35.914421662000066],[48.86750132900005,35.96021426600006],[48.886276071000054,35.970482729000054],[48.90126724400005,35.97119277500008],[48.91173911200008,35.95753151400006],[48.965859194000075,35.92212028800004],[49.00303852800005,35.90824575200005],[49.02041637000008,35.89393478300009],[49.03500405500006,35.86864551200007],[49.05336753500006,35.86677434100007],[49.08694902600007,35.891556324000106],[49.07938956100003,35.904734278000056],[49.087469707000025,35.92325589700005],[49.13863811600004,35.937159977000114],[49.15296439400004,35.93092690500005],[49.170939256000054,35.95527368700005],[49.200791527000035,35.97356538900006],[49.23433077600004,35.97612530400005],[49.31050869500007,35.957547538000036],[49.330576678000064,35.99409942600006],[49.34943643300005,36.00209514400007],[49.33898301100004,36.00876596800005],[49.34105542800006,36.02027719000006],[49.38955135500004,36.041566475000046],[49.41573596500007,36.077298437000046],[49.41806410900006,36.10265387500007],[49.409309128000075,36.13083282400006],[49.432753592915084,36.18920636325288],[49.40195472900007,36.21132075700009],[49.397085762000074,36.222260571000064],[49.39991850600006,36.276164549000036],[49.41369703500004,36.29092449300004],[49.40387315000004,36.340048492000086],[49.35295277500006,36.343258340000034],[49.342762855000046,36.35427035500006],[49.33947732300004,36.38215089200004],[49.33294250900008,36.388187268000046],[49.26108812200005,36.39151097700006],[49.20203029600003,36.405897941000056],[49.18201762100006,36.39793524000007],[49.10861674000006,36.431182573000086],[49.05879013200007,36.49688455900012],[49.01440242900003,36.51420807500007],[48.97711913300003,36.5408010020001],[48.97202935700005,36.556076182000034],[49.00331672000004,36.61044977600005],[49.01019174700008,36.6621134420001],[49.06761603700005,36.686106411000054],[49.068265619000044,36.699526947000045],[49.11139845400004,36.77343032700003],[49.14628305300005,36.77935429300007],[49.18340699000004,36.76905054900005],[49.23518636100005,36.78862800800006],[49.26844373700004,36.81280000800008],[49.286560292000054,36.81177283600005],[49.31954362700003,36.77768867600004],[49.33221727100005,36.74864408100007],[49.36151698300006,36.73250581600009],[49.39353383900004,36.69576074700008],[49.42909303700003,36.6796379830001],[49.45767406500005,36.65180497600005],[49.479938686000025,36.64310615800011],[49.47249599600008,36.63572307800007],[49.469042761000026,36.61063316000009],[49.48915972746073,36.60521736190819],[49.55486638200006,36.60826615900006],[49.59642247800008,36.59930615200006],[49.61024278000008,36.60749733000007],[49.642648379000036,36.60151387000008],[49.648250501000064,36.61289049400006],[49.66060075400003,36.612256997000046],[49.71915930200004,36.58263141000003],[49.73735433100006,36.55725015800005],[49.75037804500005,36.56917762900007],[49.82607376500005,36.5506085260001],[49.87981077300003,36.55480586200009],[49.89396086700003,36.58411045700009],[49.90623745400006,36.59114919700005],[49.91308298900003,36.60946936200003],[49.908469197000045,36.61942802600005],[49.91856407000006,36.626742978000074],[50.03344301300007,36.606363897000065],[50.05123641900008,36.61353937300005],[50.0630525499377,36.63712295149869],[50.05382945500003,36.65118362300008],[50.050861766000025,36.67964129000009],[50.203759853000065,36.67234214100008],[50.20916910600005,36.68192021600005],[50.24013550700005,36.66691857000007],[50.26580621900007,36.68425712100004],[50.30121992900007,36.66581873800006],[50.32771553400005,36.63941146300006],[50.354750168000066,36.62845470300006],[50.34612764800005,36.60564071300009],[50.39696346900007,36.59351557600008],[50.410345997000036,36.57662997700006],[50.45166136300003,36.56145216200011],[50.47639758500003,36.567292381000094],[50.51708380700006,36.54368703800005],[50.57119168300005,36.53743233700005],[50.59922885600008,36.525729118000086],[50.63474010600004,36.525802585000086],[50.66863421700003,36.514089931000065],[50.649013135000075,36.499321153000054],[50.710902445000045,36.46559414800006],[50.74787973100007,36.45874753800007],[50.81430192100004,36.395678970000084],[50.864313948000074,36.37137999900007],[50.88143830800004,36.35090588500006],[50.87213139000005,36.33626010000006],[50.84622058700006,36.32730654500008],[50.85309498600003,36.32060769900007],[50.849464960000034,36.314229255000065],[50.81596005400007,36.30255734000009],[50.69338641000006,36.31746095200007],[50.68979649900007,36.30628774400004],[50.65948058200007,36.286166150000064],[50.62899427100007,36.286889095000056],[50.59944109200006,36.30184276400009],[50.55650409900005,36.310404587000065],[50.530195270000036,36.29474351700005],[50.500733840000066,36.319797315000095],[50.47549465700007,36.32088561000009],[50.46253579000006,36.31647138000007],[50.457250041000066,36.30233846600006],[50.41820665400007,36.29074591300011],[50.42088936400006,36.27450646200005],[50.43154526300004,36.265429492000074],[50.43261892300007,36.24690113300006],[50.488767866000046,36.22253757700003],[50.50866320400007,36.22365536700007],[50.538198941000054,36.186759386000034],[50.553135972000064,36.177701611000025],[50.575045832000065,36.179994716000074],[50.58099350200007,36.16839907000009],[50.633109759000035,36.149344239000094],[50.68031978400006,36.11455499000005],[50.66980941000003,36.10380799700008],[50.622121339000046,36.102898499000084],[50.601969507000035,36.096042155000085],[50.551080865000074,36.02927003300006],[50.520308948000036,36.021583808000074],[50.497643597000035,35.99994056800004],[50.451816962000066,36.00808612900006],[50.41231350700008,36.00172395700002],[50.39382623000006,35.90828180700006],[50.377372454000074,35.876783836000065],[50.35704981300006,35.86188158500006],[50.28936911400007,35.83465532300006],[50.24991533100007,35.79058813200005],[50.23690181000006,35.65549513200007],[50.217625542000064,35.63235013000009],[50.17890269800006,35.631932883000054],[50.16257157600006,35.62199956900004],[50.177768118000074,35.585518605000075],[50.19479517500008,35.58459669000008],[50.20259032600006,35.57544964500005],[50.20179209200006,35.527155139000065],[50.001326748000054,35.49932784000006],[49.939282766000076,35.515674152000045],[49.874586226000076,35.545604432000076],[49.796695647000035,35.515299419000044],[49.70755614500007,35.536282996000075]]]}},{"type":"Feature","id":"25","properties":{"ostan":"25","province_name":"قم"},"geometry":{"type":"Polygon","coordinates":[[[50.73710546500007,34.21964043900007],[50.68126887400007,34.23709236200008],[50.62885341100008,34.23082134300005],[50.57330343000007,34.21020245000006],[50.52931877100008,34.174542388000084],[50.43922065800007,34.19995436600006],[50.43181714100007,34.211953169000054],[50.44778943100005,34.255016934000054],[50.38003386200006,34.305859927000036],[50.36773442700007,34.305458631000086],[50.34011167600005,34.359438959000066],[50.35269386500005,34.382610675000045],[50.350651249000066,34.39551607900006],[50.37321292300004,34.42106259100008],[50.34356674100008,34.43701560400008],[50.34278157600005,34.44900837600007],[50.30979232900006,34.496362342000054],[50.292156129000034,34.496800329000074],[50.20443398800006,34.46741809600008],[50.18924386000003,34.469191768000044],[50.16364636700007,34.47868702300009],[50.15342191700006,34.490416481000096],[50.17479122700007,34.50237731600006],[50.12417151000005,34.53755823400008],[50.087739543000055,34.541518597000085],[50.07438182500005,34.5589525280001],[50.076456886000074,34.57748097400005],[50.15509594000009,34.65995011000009],[50.158019839000076,34.70449295500005],[50.13182799000003,34.74698447900006],[50.15038836000008,34.78815735300005],[50.14639698600007,34.803815180000086],[50.17559817600005,34.84061513000008],[50.20504990100005,34.820544234000074],[50.26839750800008,34.81368883200005],[50.32983169400006,34.784767864000074],[50.32817048000004,34.776985563000046],[50.341830737000066,34.76334321700007],[50.39538251100004,34.74553137300008],[50.464207815000066,34.77082991600004],[50.44823984700008,34.8009771590001],[50.44739345100004,34.82173177600004],[50.476534721000064,34.83762699700004],[50.53733323700004,34.858267511000086],[50.58503238800006,34.85586961600007],[50.634706692000066,34.869891242000044],[50.716303436943605,34.873834773103056],[50.71595286000007,34.899623583000064],[50.72672434400005,34.92561800500006],[50.71867053600005,34.957682994000045],[50.705637239000055,34.97664463400003],[50.71101193800007,35.011450226000115],[50.72497028500004,35.050220088000074],[50.76417547600005,35.11255385900006],[50.76669283800005,35.151370000000064],[50.83557784800007,35.13919686000004],[50.841607295000074,35.15595873700007],[50.83591015700006,35.186934164000064],[50.847988346000086,35.21980157500008],[50.89933063600006,35.22499716000004],[51.04238353900007,35.2182929840001],[51.27104699100005,35.1580178930001],[51.375453684000036,35.11628739300007],[51.53895952200003,35.08932933000009],[51.57721634900008,35.05137126700006],[51.583363605000045,35.026025344000075],[51.606987006000054,35.03131822700005],[51.71894103800008,35.011387287000076],[51.97779243700006,34.88434032600003],[51.96122770100004,34.86135649100006],[51.930724517000044,34.743859815000064],[51.82075859500003,34.51682361600008],[51.51257771300005,34.353168817000046],[51.353866992000064,34.369341175000045],[51.345007758000065,34.37675922800003],[51.34785006200008,34.39189740700008],[51.39423402500006,34.41748806500004],[51.289392261000046,34.45368038700008],[51.25100692500007,34.44963938400011],[51.14427280500007,34.41852761200006],[51.086743416000054,34.41594175500008],[51.023648405000074,34.37212080300005],[51.01179011000005,34.33487202000004],[51.03399912400005,34.3111831780001],[51.03488832700003,34.293980188000056],[50.99805825700008,34.24559203100005],[50.99758959800005,34.22763124900008],[50.973621094000066,34.17270726000005],[50.955401315000074,34.16021338200006],[50.92830911200008,34.15939563300006],[50.934574902000065,34.136854635000084],[50.88943259600006,34.141080210000055],[50.858778682000036,34.16787649000004],[50.78007307200005,34.1747953870001],[50.76920996200005,34.19332853000006],[50.73710546500007,34.21964043900007]]]}},{"type":"Feature","id":"28","properties":{"ostan":"28","province_name":"خراسان شمالی"},"geometry":{"type":"Polygon","coordinates":[[[56.76169575400007,36.810119398000055],[56.70606328500003,36.79333759500003],[56.69107738100007,36.76983203600004],[56.639425189000065,36.75000670600008],[56.60827076900006,36.726775314000065],[56.60362578400003,36.712041031000076],[56.60976487000005,36.69942254000008],[56.66339788800008,36.681732982000014],[56.62858601800008,36.66259260800008],[56.588691046000065,36.66533548100008],[56.50170563200004,36.65237102400006],[56.47275820700003,36.68988463500007],[56.37942094000005,36.677187163000056],[56.32766019500008,36.74349926700007],[56.26118313400008,36.78456462500005],[56.11427282977315,36.856754916908855],[56.04838946400008,36.86691861900008],[56.023633680000046,36.877138297000066],[56.00482485100008,36.874378322000055],[56.00111299800005,36.92372578800009],[56.02776316900008,36.996438531000045],[56.03695193400006,37.00387794200006],[56.036433989000045,37.02887871500008],[56.01124803600004,37.07065188300004],[56.02141230000007,37.12791596400008],[56.01903803400006,37.150586469000096],[56.00074703100006,37.17392589700007],[55.92378300200005,37.18303770000007],[55.91271994500005,37.20795069300006],[55.911763191000034,37.27205792100007],[55.92000636500007,37.3090334070001],[55.90336119600005,37.326224752000044],[55.98637856500005,37.34508106000005],[56.005613264584305,37.35729659780767],[55.9997214368636,37.36427320965598],[56.02309628100005,37.431889437000066],[56.016369385000075,37.44965127800007],[56.01856837200006,37.473894759000075],[56.059253761000036,37.49666129800006],[56.07840980400005,37.52970770500008],[56.07505810600003,37.58211781200005],[56.11404524800008,37.600515158000086],[56.128874763000056,37.632779416000076],[56.14529847800003,37.64668998400004],[56.12714772500004,37.68575738400007],[56.147250358000065,37.73542609600005],[56.21365918400005,37.780563126000075],[56.211304891000054,37.796659700000085],[56.22761563500006,37.81301128300005],[56.23585190900008,37.83613564700008],[56.23161076300005,37.864373172000064],[56.24443297800008,37.86196206800005],[56.300830887000075,37.87654911500007],[56.31152988800005,37.88979007300003],[56.30660385500005,37.89453359600006],[56.33665909800004,37.91394033000006],[56.354411096000035,37.93498496900004],[56.357141624000064,38.02002212500003],[56.30092766400003,38.05761768200008],[56.28774482700005,38.0801422050001],[56.336054181000065,38.07535996200006],[56.33507410900007,38.09651605600005],[56.35190434100008,38.123165692000036],[56.34354243100006,38.138688456000104],[56.32755237400005,38.14661915900008],[56.31851735300006,38.17654265800009],[56.33194307800005,38.18401905000009],[56.330098073000045,38.19371045500006],[56.41423532400006,38.25393540200005],[56.45683529300004,38.26288234300007],[56.511116651000066,38.25841205700005],[56.52393668800005,38.2670761360001],[56.53042948700005,38.26190663700006],[56.54813354400005,38.26617593700009],[56.581184843000074,38.25796205100007],[56.59638551300003,38.23550217200007],[56.60666022200007,38.23216187700007],[56.67704362200004,38.26950355100009],[56.72404581400008,38.26487393300007],[56.74190693900005,38.26911889300004],[56.75431682300007,38.28162778600007],[56.79267583500007,38.25032039300006],[56.812406008000046,38.246789143000065],[56.83951055400007,38.228998055000034],[56.90745310600005,38.21474132300007],[56.99025323700005,38.21374545800007],[57.00243973500005,38.186018596000075],[57.060880627000074,38.18007253700007],[57.08658209900006,38.19022262600004],[57.10632007300006,38.213909513000026],[57.145367287000056,38.24089627400007],[57.15805971200007,38.26968832200006],[57.16706860800008,38.2660573300001],[57.21250560800007,38.278245304000045],[57.21949845600005,38.27196877000008],[57.25037909400004,38.270235127000056],[57.25005644500004,38.230296944000045],[57.29712535100004,38.214113387000054],[57.29148150600008,38.204398487000056],[57.29865834400005,38.2020957660001],[57.29678277600005,38.18248915800008],[57.28900663100006,38.17407276200006],[57.30104536400007,38.14986165400008],[57.335004567000055,38.13790906900005],[57.34082981800003,38.114729756000045],[57.36866604800008,38.09717460400004],[57.368794587000075,38.08700786000005],[57.37815774600006,38.08568477800004],[57.375909654000054,38.05432313000008],[57.36075771500004,38.05050412600009],[57.36411783500005,38.013095123000014],[57.35002884000006,37.98881670900006],[57.353279108000045,37.98161921900005],[57.40355186500005,37.97057442900009],[57.41859228100003,37.95336581600003],[57.448916100000076,37.93943722200005],[57.47324757500008,37.93269034100009],[57.49446647800006,37.93554581000009],[57.51349321800007,37.91883547600005],[57.543828441000066,37.92308399300005],[57.575792110000066,37.93772661000004],[57.68822908500005,37.915563942000084],[57.72666002800002,37.92069556900004],[57.744952873000045,37.91302392700005],[57.751811099000065,37.896793230000085],[57.786269727542035,37.90199382360239],[57.80348973100007,37.89164119700008],[57.80363234600003,37.878404844000066],[57.830139873000064,37.861560628000085],[57.85288347300007,37.87191607800006],[57.88661281200006,37.87258395100003],[57.891153982000056,37.865767509000094],[57.89562545500008,37.87034364100005],[57.897052494000036,37.8616241290001],[57.91998619200007,37.861494481000086],[57.92390208100006,37.85144155200005],[57.949605336000054,37.850209608000085],[57.95277942700005,37.8407159930001],[57.96525894400003,37.842795465000066],[58.00015353800006,37.81905291300008],[58.02710108000007,37.810549484000056],[58.02969470900007,37.80364329000003],[58.07140211800004,37.80419063300009],[58.09172018500005,37.796568521000054],[58.09556893600006,37.80097609800005],[58.10074234000007,37.787165327000025],[58.122539679000056,37.79428254100005],[58.12570738600005,37.78129868400005],[58.14478671900009,37.783072868000055],[58.15366471500005,37.792783144000076],[58.20948018600007,37.768112003000056],[58.21414971700006,37.743132421000055],[58.22521275500004,37.73628313100005],[58.23480456400006,37.70711225700007],[58.22613324900005,37.69337932700008],[58.231935834165164,37.66670386823013],[58.298757471000044,37.661262626000074],[58.315354726000066,37.578403047000066],[58.328734931000035,37.550643916000084],[58.341881597000054,37.462141204000076],[58.36828329600008,37.43609454100006],[58.36429060200005,37.40130275400003],[58.31697538300006,37.37450902400009],[58.30908227800007,37.35118475000009],[58.40798796400003,37.279693747000074],[58.42141179300006,37.224776587000086],[58.40204911100005,37.21397148400007],[58.34071390500004,37.22231385500005],[58.30068024000008,37.20215778000007],[58.30997816900003,37.19899974000006],[58.30400550200006,37.19371162700005],[58.30765473800005,37.183188693000076],[58.29904880600004,37.17747641200004],[58.27568183625254,37.189639465441736],[58.241093265000075,37.18191496200007],[58.239584854000036,37.17211721300005],[58.26659572000006,37.16569780200008],[58.268670204000045,37.15525590700004],[58.20786312100006,37.15179686200003],[58.17328268509459,37.09677974097493],[58.22852306600004,37.07600471200004],[58.26008305500006,37.03348023600006],[58.33400392800007,37.018709849000075],[58.352738680000066,37.008307744000064],[58.358462455000044,36.99715109500008],[58.34012482300005,36.95752307400007],[58.22267328200008,36.88161834900008],[58.210737646000034,36.88130239600003],[58.20517844900007,36.8941530750001],[58.07616652900004,36.86071421800007],[58.09699370800008,36.81308427800008],[58.12722240800009,36.78490474200005],[58.128276345000074,36.76829191600007],[58.09626202100004,36.748799533000074],[58.10105404400008,36.73891833600006],[58.07974851400007,36.718234002000024],[58.094503341000056,36.710956397000096],[58.094047397000054,36.69948193200002],[58.07594344900008,36.690767717000064],[58.088487300000054,36.68032765400008],[58.06585782700006,36.647787245000096],[58.08395792400006,36.63178540800006],[58.06382413800003,36.610530298000086],[58.019565172000064,36.59715641200007],[57.98518423900003,36.573136403000056],[57.92361112800006,36.57380291300007],[57.849133838000064,36.61010473400007],[57.80321700400003,36.628754579000045],[57.77144574000005,36.630769743000045],[57.73103033400008,36.655029081000094],[57.67769831700008,36.67476225200006],[57.55269160800004,36.74026017000008],[57.546682760000074,36.75195895800006],[57.50925569100008,36.771973112000076],[57.18956206000007,36.84174453400005],[57.125984739000046,36.845380683000045],[57.028883525000026,36.864189895000045],[56.955852280000045,36.88262952700008],[56.93769313200005,36.895195630000075],[56.89692306300003,36.89142173200004],[56.816507107000064,36.84838139400007],[56.76169575400007,36.810119398000055]]]}},{"type":"Feature","id":"27","properties":{"ostan":"27","province_name":"گلستان"},"geometry":{"type":"MultiPolygon","coordinates":[[[[54.37943099300003,36.522733508000044],[54.248356777000026,36.507488426000066],[54.20098186100006,36.51310593800004],[54.14986003400003,36.50302222300006],[54.14316643700005,36.52063327600008],[54.163943409000076,36.541397369000045],[54.165367306000064,36.55399013000007],[54.16293988400008,36.60364192200009],[54.152393103000065,36.619965405000094],[54.07003479300005,36.626650144000045],[54.04683513300006,36.6525691780001],[54.012888186000055,36.64598690000005],[53.932818274000056,36.65659652400007],[53.90613766800004,36.66790634000009],[53.87804513700007,36.69516403900009],[53.858528481000064,36.70047480200003],[53.862673932000064,36.71976364600004],[53.84699802600005,36.72779081200007],[53.85400664800005,36.783227550000056],[53.93384168065552,36.784725490010175],[54.00597687700008,36.795385218000035],[54.034724779000044,36.80652224400009],[54.04794148900004,36.860896813000075],[54.04356039100003,36.88365517100007],[54.05092019700004,36.88528473300008],[54.04140189100008,36.89787421800004],[54.047353842000064,36.90514132600006],[54.04462822100004,36.95042873800006],[54.026804380000044,36.97233678500004],[54.00065187200005,36.97462061100005],[54.02479769100006,36.98590589600009],[54.02713202400008,37.00155328700004],[53.90257962100003,37.354896620000055],[54.23273095206925,37.32336171985033],[54.24630012600005,37.3251859260001],[54.287496178000026,37.35700416800009],[54.35222702100003,37.354340497000095],[54.400535742000045,37.367245276000084],[54.48980620400005,37.41944726400006],[54.50568675100004,37.42045645100008],[54.52096812100007,37.43498787500007],[54.538935982000055,37.43589122500006],[54.586974346000034,37.460046448000085],[54.61657831600007,37.44526959100007],[54.632793992000074,37.44794584000006],[54.67287438400007,37.43734326300009],[54.698133762000055,37.45059941600006],[54.72994989000006,37.49133335700002],[54.76938167900005,37.49742339300008],[54.77308044100005,37.514542971000026],[54.797995556000046,37.52216340700004],[54.797948105000046,37.55103067400007],[54.80639509500003,37.555967689000056],[54.80270779300008,37.56438297400009],[54.81969689700003,37.60119208800007],[54.81025548800005,37.61718910400005],[54.78925099000003,37.61813143500009],[54.78106615300004,37.63504751900007],[54.788824946000034,37.65223939000004],[54.784798660000035,37.65728498800009],[54.80217604100005,37.664096494000056],[54.79672842800005,37.69626764500005],[54.81814674300006,37.69617193000007],[54.82198687600004,37.72978658900009],[54.83741142300005,37.7322463450001],[54.84550900200003,37.73942820300006],[54.83994708900008,37.74366164700008],[54.854365878000074,37.74846982100007],[54.86581845300003,37.766590162000064],[54.87016598900004,37.76238140700009],[54.87215728100006,37.76875724000009],[54.88596957000004,37.77038050700004],[54.88964563800005,37.76344184700004],[54.91087148200006,37.78153442300006],[54.94213899200008,37.79010992200008],[54.95876166100004,37.80597226800008],[54.95512060200008,37.81031792600003],[54.98741997600007,37.827562526000065],[54.99783830400003,37.82646096200006],[54.995514428000035,37.83374246500008],[55.00394378500005,37.84080108500008],[55.02328909800008,37.843197277000066],[55.021658657000046,37.85082633800007],[55.03831715900003,37.86028048000005],[55.032281811000075,37.87066607900006],[55.03922016400003,37.87772549100004],[55.12774872800003,37.94941084100005],[55.15611300900008,37.94982965800008],[55.16938318400008,37.960711914000065],[55.201311340000075,37.94740426200009],[55.20829331500005,37.965745535000075],[55.22723187400004,37.97957454700005],[55.238143360000045,37.97685640900006],[55.26808058300003,37.99345177200008],[55.28669410900005,37.99086807000005],[55.37026346300008,38.03375534200009],[55.41470760600004,38.04631578900009],[55.46354783400005,38.08921101700004],[55.48270461300007,38.09203666900006],[55.502277597000045,38.08016185600009],[55.52663102200006,38.091438641000046],[55.60175442300005,38.10414094900007],[55.68901266700005,38.10335654600006],[55.73403352200006,38.11079931500008],[55.77112617800003,38.12553980500011],[55.77512175600003,38.118195666000105],[55.78831461100003,38.116362590000065],[55.82192184100006,38.1240415120001],[55.88433616600008,38.09325266200006],[55.96681577700008,38.09255292600006],[55.98641478800005,38.076914003000084],[56.00847551100003,38.073193550000056],[56.18264353200004,38.090771317000076],[56.21439474500005,38.069548382000065],[56.290209219000076,38.07615788600003],[56.30090386900008,38.05761768200008],[56.35711783000005,38.02002212500003],[56.35877133400004,37.948816627000056],[56.34746629500006,37.924207964000075],[56.306580061000034,37.89453359600006],[56.311506087000055,37.889790062000046],[56.30080709200007,37.87654911500006],[56.24440918300007,37.86196206800005],[56.23163455800005,37.864373172000064],[56.23585190900008,37.83613564700008],[56.22761563500006,37.81301128300005],[56.21132312800006,37.796675333000074],[56.21365918400005,37.780563126000075],[56.147250358000065,37.73542609600005],[56.12714772500004,37.68575738400007],[56.14529847800003,37.64668998400004],[56.128874763000056,37.632779416000076],[56.11404524800008,37.600515158000086],[56.07505810600003,37.58211781200005],[56.07840980400005,37.52970770500008],[56.059253761000036,37.49666129800006],[56.01856837200006,37.473894759000075],[56.016369385000075,37.44965127800007],[56.02309628100005,37.431889437000066],[55.99970324800006,37.364267545000075],[56.00559472100008,37.357295739000065],[55.98637856500005,37.34508106000005],[55.91159652600004,37.32673981200003],[55.82223691400003,37.326545725000095],[55.77652891200006,37.28748324100009],[55.741782262997184,37.29012830399666],[55.72027426000005,37.19894266900009],[55.67588497500003,37.16374307500009],[55.666260906000055,37.14588952700008],[55.62373420500006,37.10710207600004],[55.636073715000066,37.10228559900004],[55.60139866800006,37.068740351000045],[55.605049618000066,37.05426846100006],[55.58830327415934,37.046588513997115],[55.58876469300003,37.01948257500005],[55.601196291000065,37.00883646400008],[55.574738567000054,36.93644402700005],[55.47641531100004,36.888342693000034],[55.43935418800004,36.84351768700004],[55.37170747900007,36.81920235400004],[55.28618624600006,36.815612728000076],[55.26911086800004,36.80195578500009],[55.270362344000034,36.79372995500006],[55.26137484000003,36.79155673100009],[55.04407362200004,36.773812884000066],[55.01202539600008,36.765978747000084],[54.98942027000004,36.7396279270001],[54.970129554000046,36.731596903000046],[54.96025569500006,36.71165002900007],[54.93267629500008,36.69380698500006],[54.91107623400007,36.664988576000056],[54.85094655900008,36.63685087000006],[54.818137696000065,36.60947826800005],[54.74958207800006,36.60514270700005],[54.722369796000066,36.628263810000085],[54.67951479700009,36.63038302700008],[54.64351609500005,36.614824781000046],[54.620222252000076,36.57865113900006],[54.57374241600007,36.57317076300008],[54.56820004900004,36.53092670100008],[54.56068873800007,36.52372724100008],[54.448230272000046,36.51577973600008],[54.37943099300003,36.522733508000044]]],[[[54.00001052400006,36.92154516000006],[54.01882399900006,36.901921778000045],[53.96721044800006,36.898480932000055],[53.964919304000034,36.9182880160001],[53.98785954700003,36.91573773700006],[54.00001052400006,36.92154516000006]]]]}},{"type":"Feature","id":"22","properties":{"ostan":"22","province_name":"هرمزگان"},"geometry":{"type":"MultiPolygon","coordinates":[[[[54.54348098600008,25.932912886000057],[54.55454876500005,25.910823164000078],[54.54849515300003,25.892483998000056],[54.49471709000006,25.903503720000078],[54.49491320100003,25.914019831000086],[54.502971814000034,25.91977677600005],[54.54348098600008,25.932912886000057]]],[[[54.49242292300005,25.919978997000054],[54.494093201000055,25.92011316400005],[54.49393653400006,25.919193165000046],[54.49242292300005,25.919978997000054]]],[[[54.51247875900003,25.92707872000005],[54.512409037000054,25.926925942000047],[54.51235987100006,25.9270156640001],[54.51247875900003,25.92707872000005]]],[[[54.51399959300005,25.92792038600008],[54.51325237100008,25.92761594200006],[54.513610982000046,25.928215386000065],[54.51399959300005,25.92792038600008]]],[[[54.439019520000045,26.125649163000066],[54.44679720700003,26.115839202000085],[54.43805421500008,26.115317611000012],[54.439019520000045,26.125649163000066]]],[[[54.51682662500008,26.248495705000042],[54.48527111700008,26.295710536000076],[54.49309021100004,26.310776182000062],[54.52469782600008,26.31615292700009],[54.53697607400005,26.30159125800005],[54.54029566000003,26.28254466100004],[54.52791855900006,26.2551906350001],[54.51682662500008,26.248495705000042]]],[[[53.96081617900006,26.57254650000006],[54.02320563300004,26.56273927800006],[54.025939522000044,26.54027816700007],[54.04896813600004,26.523217333000048],[54.04399313600004,26.50595066700002],[53.98265979300004,26.494451501000086],[53.93476978600006,26.507592611000067],[53.911644781000064,26.521617056000043],[53.898174779000044,26.54811566800006],[53.90734089300008,26.54872955600008],[53.929516729000056,26.56866983400006],[53.96081617900006,26.57254650000006]]],[[[53.596223344000066,26.690782335000076],[53.65065751900005,26.687292058000043],[53.67179891100005,26.678001224000074],[53.656266964000054,26.65855927900005],[53.62943584900006,26.657428724000066],[53.59642556600005,26.672485669000043],[53.596223344000066,26.690782335000076]]],[[[55.33220000800004,26.78742315500007],[55.23554388200006,26.775841768000088],[55.212675544000035,26.73064565600006],[55.18483776200003,26.720889268000082],[55.15645109100007,26.720386213000044],[55.138593338839655,26.70086528494097],[55.10028786412299,26.696566196744772],[55.05722829700005,26.642899547000084],[55.029267737000055,26.641718437000076],[55.011076343934754,26.629300381339288],[54.97138133800007,26.618530382000078],[54.95103048007679,26.59006226031462],[54.896039760984905,26.558353479314405],[54.88829289054237,26.54627603052731],[54.86213048607458,26.53641454959372],[54.846134094470365,26.518277327545878],[54.81386492300004,26.519676494000073],[54.79874992100008,26.500338439000085],[54.72385296418022,26.5148164953402],[54.67458823421956,26.513217606879056],[54.62186850360812,26.500452607334235],[54.60692766805375,26.51195232967706],[54.583990998312686,26.5637189964897],[54.559556550291795,26.59045844111106],[54.51160015395367,26.59939983037358],[54.44040681000007,26.584715664000036],[54.39050930160476,26.604981220160447],[54.33766651620903,26.687561220490068],[54.316411513027525,26.709188165066628],[54.28218400775745,26.7274501097333],[54.19175677103671,26.704237054757446],[54.090267408748225,26.722282672998308],[54.010581763339744,26.75774189149291],[53.98727146200008,26.753589556000072],[53.94316367700003,26.724099556000077],[53.924507007000045,26.719377056000067],[53.88476977804097,26.721654000817534],[53.833470326000054,26.707796223000052],[53.76199864744094,26.722465945761304],[53.73996031100006,26.71687789000005],[53.725846419387686,26.70116705700524],[53.69745780391608,26.735005945990842],[53.609223067788264,26.770480390716788],[53.49515860539589,26.84739427991242],[53.483757770299334,26.868454835495488],[53.48218832585272,26.95054955773591],[53.459587488967365,26.98004928000657],[53.44426693094573,26.97901178004835],[53.43050942875939,26.990026224518424],[53.40961680500004,26.994073300000032],[53.369932506245284,26.994695130812747],[53.363691937400965,27.00198487582423],[53.260537457000055,27.041050391000066],[53.22733745167744,27.046760391525915],[53.11679687828676,27.0934665027391],[53.06601909200003,27.098732336000094],[53.027594086064546,27.11971955832767],[52.95931935275689,27.138744002766398],[52.90944240069938,27.173054558036824],[52.832539054299595,27.20300983604581],[52.79017682509359,27.249382613803345],[52.778634600995,27.247245113789738],[52.75325459680526,27.270679558219292],[52.738572562176444,27.27401888402753],[52.78432142200006,27.30835746800006],[52.786904390445166,27.317268653769194],[52.81064825300007,27.32623375600009],[52.819032744000026,27.320493906000024],[52.82645949500005,27.328758462000074],[52.837825655000074,27.32627813500007],[52.83551999100007,27.319524933000046],[52.85192008400003,27.312405595000033],[52.85875209900007,27.296598344000074],[52.87282365600004,27.302036099000105],[52.878426312000045,27.296603536000088],[52.92664397300007,27.332606793000043],[52.93674704500006,27.327710375000056],[52.95042939400008,27.347416116000062],[52.90100419300006,27.37314055500008],[52.91407359400006,27.37352665000004],[52.99953844600003,27.343152080000053],[53.04382141200006,27.31074566100007],[53.14368246300006,27.27696311600007],[53.15399986700004,27.26693076300006],[53.29317314800005,27.23223479600006],[53.33678804500005,27.214154706000055],[53.36984033600004,27.181715983000085],[53.39488283800006,27.136867538000075],[53.41552125483252,27.1308302203142],[53.53820496700007,27.162337696000087],[53.741021214000064,27.085951379000075],[53.823198614000034,27.08245093600006],[53.85210088013615,27.087850708079085],[53.90144091800005,27.11152676200005],[53.945702826000065,27.13712882800008],[53.98246971500004,27.169125525000037],[53.96173909500004,27.179613739000057],[53.88635250100003,27.24797197200008],[53.90114169000003,27.286528519000058],[53.947567684000035,27.329215549000047],[54.004758673000026,27.36653652500009],[54.09795248900008,27.388401459000104],[54.23684930600007,27.450765478000076],[54.319110023000064,27.458693714000056],[54.41446325600003,27.454422328000092],[54.689071279000075,27.47786317900007],[54.72513236600008,27.48635749900009],[54.913558668000064,27.444779663000087],[54.924948639000036,27.436046400000063],[55.162084827000065,27.430052785000065],[55.20745205600008,27.417296103000098],[55.24288738900003,27.43334166700005],[55.263239162000055,27.44659065900006],[55.290964116000055,27.48209354400006],[55.307319549000056,27.527455022000048],[55.32991429900006,27.55007047000006],[55.35592003800008,27.623031652000083],[55.39951070300003,27.679824467000092],[55.50132428000006,27.706187655000104],[55.51197882800005,27.743756610000066],[55.53481360600006,27.770753311000103],[55.57928428500003,27.80438931700009],[55.64461638600006,27.822805473000074],[55.73668246200003,27.822520427000047],[55.741648127000076,27.843800419000058],[55.73326066000004,27.846148701000075],[55.740151413000035,27.84739113100008],[55.711442171000044,27.876286260000043],[55.70239019100006,27.90699588600006],[55.68429142300005,27.911326030000083],[55.68474630700007,27.929902870000053],[55.69553183900007,27.950684204000034],[55.68249250200006,27.96764858900009],[55.59169640400007,27.99008106900006],[55.48866300900005,27.983950177000068],[55.46930974400004,27.990002071000053],[55.40120366500008,28.01261371000006],[55.38099853500006,28.02917317800005],[55.39706833000008,28.053508430000086],[55.329470152000056,28.08133631100005],[55.40669835400007,28.16417081000004],[55.41406309900004,28.184235278000095],[55.41673895900004,28.21798073900006],[55.40547530300006,28.24876152700006],[55.411901452416934,28.304389477149893],[55.40833219900003,28.45779359400008],[55.44493349600003,28.487335874000074],[55.446771296000065,28.502883184000044],[55.417540391000045,28.524693088000067],[55.375321744000075,28.636509656000044],[55.363673255000045,28.652512663000046],[55.430015379000054,28.689495560000083],[55.521586071000065,28.71594013800006],[55.57704925300004,28.74281622500008],[55.59532013200004,28.733993953000052],[55.60507592300007,28.736611361000044],[55.604837977000045,28.74779482700007],[55.61318432300004,28.748491317000063],[55.636689887000045,28.696354113000034],[55.64064905300006,28.711680447000074],[55.71026213600004,28.728309054000082],[55.706117962000064,28.75898989800004],[55.893875008000066,28.83146760800003],[55.93374334600003,28.86121193300007],[56.000812351000036,28.936110791000036],[56.075685745000044,28.676117983000047],[56.06776631100007,28.570360478000065],[56.03705221300004,28.56456802700009],[56.00920754600003,28.531860723000086],[56.00266402700004,28.510445574000077],[56.054154554000036,28.395649496000036],[56.08536902900005,28.34980943800008],[56.11187717900003,28.28078781000008],[56.16612850900003,28.248118700000088],[56.16771705900005,28.225039255000087],[56.20914440100006,28.191353706000054],[56.39502232768592,28.131804130462882],[56.463110577000066,28.12254231100009],[56.58736631000005,28.129392727000052],[56.65100653200005,28.148404158000087],[56.66616742900004,28.158739653000048],[56.72999024300003,28.25208877700005],[56.79634643400005,28.324549534000045],[56.82590015900008,28.316669252000068],[56.84653319000006,28.285009164000044],[56.87249886500007,28.272361882000066],[57.00134178400003,28.254202443000064],[57.02920812100007,28.183517546000093],[57.04153904200007,28.100521574000055],[57.05309570000003,27.985655494000103],[57.04629558600004,27.91220440900003],[57.071755332000066,27.940101256000034],[57.123439086000076,27.906476608000073],[57.20447283200008,27.913381331000057],[57.19695014300004,27.880380232000064],[57.215222553000046,27.877974551000097],[57.25039437300006,27.93081838500006],[57.29950909400002,27.960893882000057],[57.38367959300007,27.87502274500003],[57.43366230000004,27.805332993000047],[57.47460281300005,27.791043099000053],[57.43761783800005,27.77422975800006],[57.40154924800003,27.775945801000045],[57.39375271600005,27.73793363500004],[57.35374863900006,27.70299087600006],[57.32191494300008,27.702004413000083],[57.28303550600003,27.71611599700005],[57.28403608600007,27.702145705000063],[57.27434245500007,27.694225711000072],[57.28018302700008,27.662179378000083],[57.24877400100007,27.658335657000084],[57.239940585000056,27.639694224000063],[57.22382957800005,27.63207467300006],[57.23046681100005,27.61658882000008],[57.24117101600007,27.615472765000067],[57.24182927000004,27.600673112000052],[57.25821546200007,27.608561576000078],[57.26024208500007,27.586900839000084],[57.304609980000066,27.589731162000096],[57.339871434000024,27.566197932000044],[57.343791913000075,27.539731578000058],[57.32800326800004,27.484737146000047],[57.33126403800003,27.40743564600009],[57.41170343500006,27.331962985000086],[57.433269424000066,27.27899092700007],[57.47671559500003,27.26804341800005],[57.465688009000075,27.24921461400005],[57.46516362100004,27.23163343200005],[57.47521491901195,27.21584347499813],[57.532180000448896,27.22431436779275],[57.55948367900004,27.172511501000045],[57.531268054000066,27.135862615000082],[57.53404981700004,27.110876786000084],[57.52349095900008,27.10373840300002],[57.548997908000054,27.098696643000057],[57.55984317400004,27.103393382000053],[57.55784442800006,27.095707723000046],[57.620158955000086,27.063447327000077],[57.635280339000076,27.081442378000105],[57.667997927000044,27.04872478900008],[57.74387298900007,27.016929241000096],[57.79013001000004,26.96189761000008],[57.932184061000044,26.908859845000055],[57.98083079200007,26.883179851000044],[58.08001596400004,26.818126449000047],[58.15913784400005,26.751003284000046],[58.36958200500005,26.709026987000072],[58.50729192100005,26.61743682000004],[58.52807366400003,26.611266496000066],[58.569087133000046,26.612821232000066],[58.62509867300009,26.578291052000072],[58.668008924218505,26.530572286643807],[58.80574170400008,26.41837687300009],[58.88792602500007,26.324220232000094],[58.87316447200005,26.293522587000037],[58.829402833000074,26.257552196000045],[58.82031458200003,26.220139639000028],[58.849734943000044,26.210281416000058],[58.97229230700004,26.196476819000072],[59.01279907900005,26.183429130000047],[59.028823911000075,26.166987027000065],[59.02049054200006,26.138651327000037],[59.028099575000056,26.117634350000067],[59.00503564300005,26.07271520500008],[59.01634896300004,26.070290505000067],[59.01639912800005,26.064476039000056],[58.99795257300008,26.060426499000084],[58.99513413000006,26.04763177400004],[59.064264768000044,26.010093378000107],[59.07700210400003,25.994190603000078],[59.02365236000003,25.975050456000083],[58.99838135700003,25.94189804600006],[59.00389588200005,25.920573124000068],[59.02738752100004,25.920246308000095],[59.076973347000035,25.88891443000009],[59.082447435000056,25.851732257000055],[59.139875860000075,25.814235613000076],[59.1465538398207,25.807411640648095],[59.131952165825886,25.806806565303955],[59.13892795200007,25.796977492000064],[59.20550939900005,25.728450025000036],[59.21940055377874,25.665155920718615],[59.235772502936825,25.636700094996208],[59.21049260493417,25.55780145199596],[59.220436820936044,25.440227991996046],[59.24159878292754,25.443165709520535],[59.24945312605111,25.434882216644933],[59.1095138760639,25.4036205750328],[59.08741192838323,25.40295946463085],[59.08016387300006,25.412711409000092],[59.01929553100007,25.415389744000056],[58.99272663793073,25.43123335639968],[58.91260385171979,25.516798914119747],[58.884683848181396,25.531332526040075],[58.83472661896297,25.539524749770532],[58.83755439746847,25.54802724964697],[58.794798836654856,25.575084750849328],[58.69524743300008,25.56733336500002],[58.58579075109438,25.592142257016626],[58.460108232285954,25.583683649585254],[58.3779348872997,25.596211707425383],[58.24610542249594,25.567503377851263],[58.246554312000065,25.561787545000097],[58.242417366945396,25.572041432964724],[58.1751738471578,25.559511068040052],[58.11121040238925,25.55968699263409],[58.0385053927755,25.593522827783364],[58.004932055742124,25.632963939651138],[57.978101497949645,25.68098505105489],[57.94468121600005,25.700311163000062],[57.87872759448965,25.692405331606153],[57.85160342400008,25.673771444000078],[57.84736828681269,25.676982011513736],[57.76471118698902,25.63603255687182],[57.76373674280358,25.64936894574785],[57.7687782234193,25.645022080992366],[57.77609730028703,25.65262144543055],[57.77642535690479,25.686199500870625],[57.784728136454895,25.703781167284372],[57.76737535682929,25.72796616763855],[57.73934674205306,25.744371168286428],[57.69693118020183,25.745038113780552],[57.656806174000046,25.724631170000062],[57.60732116700007,25.73859422700009],[57.506573930000066,25.74403339600008],[57.43438641919505,25.755967842225278],[57.38210025309016,25.778173395197545],[57.32778584844797,25.781509511256584],[57.30247612267777,25.790170345138844],[57.272886400069474,25.93831062318208],[57.24471028586631,25.9802192348058],[57.17020999805534,26.025270903001783],[57.17522388789193,26.032308958423112],[57.16761527582079,26.039340625238044],[57.16794416511851,26.052839791865395],[57.17629083300005,26.06121895800004],[57.17001666593411,26.07156951399058],[57.17158472246112,26.098983124998018],[57.185301947177955,26.1140945135452],[57.19260056001898,26.13725673554493],[57.20256361727762,26.144280346422267],[57.20933111822877,26.141263679613537],[57.21548695290509,26.156452846102223],[57.18671778260868,26.18379895778087],[57.19378306174854,26.194258957597828],[57.169670836508764,26.218497569174723],[57.12630777463244,26.229420625650672],[57.10528888400007,26.297918959000103],[57.0845594370648,26.30956923746738],[57.062160268235914,26.357520348939232],[57.063295269285035,26.390342293269445],[57.05139888027315,26.45470534891941],[57.078602496780164,26.49972062599485],[57.08396222172654,26.57001451458492],[57.065286666410486,26.68638229247839],[57.01884749592584,26.813523404267592],[56.99936166048479,26.848788960152962],[56.93862462212372,26.902301833246476],[56.92869611006547,26.93582950201915],[56.90272943274836,26.97907303964752],[56.85420441969132,27.011148962840036],[56.81645247050614,27.054897852206885],[56.78034968716763,27.065208408681407],[56.759268017625416,27.083573964624968],[56.747832739136705,27.12702146475678],[56.66299050400005,27.12620563300006],[56.66119666820614,27.137343333010108],[56.65125929452059,27.126206015462397],[56.645785000012026,27.140100277996606],[56.62171805638245,27.13804916691126],[56.618717500040916,27.144647779004803],[56.544073335000064,27.15345166700009],[56.431268789622166,27.15070068000863],[56.34406326695189,27.181447622492136],[56.26636691327486,27.173235362591615],[56.23474416473091,27.15578939610436],[56.22708321300007,27.14030453000005],[56.2021545967258,27.12849286395081],[56.17394014786754,27.13251314221081],[56.1466534773077,27.15386008708566],[56.13323853076399,27.152132453632284],[56.09892428284083,27.126900443596618],[56.07826244212382,27.091444959537327],[56.029372527586474,27.081725500795812],[55.98755317300004,27.057145645000038],[55.977175064219274,27.031547313174894],[55.89183926800007,26.989823703000074],[55.86061398500004,26.99070370300009],[55.81004953124886,26.97668092616885],[55.790302584000074,26.98106509300005],[55.692307716342,26.971376034825994],[55.65621431599448,26.95208896171796],[55.609641733462986,26.909053310438438],[55.58317763852695,26.864358378927253],[55.569991762884186,26.815543102803357],[55.55687014997145,26.79799489286831],[55.46354614000006,26.75002759800004],[55.38421362666714,26.753169265752884],[55.33220000800004,26.78742315500007]]],[[[53.401211740000065,26.79370070700005],[53.40394044900006,26.79792730600009],[53.42151684700008,26.79313596100008],[53.41235019600004,26.784942950000097],[53.401211740000065,26.79370070700005]]],[[[53.22766604000003,26.824964082000083],[53.35097509900004,26.820784421000052],[53.37008124900007,26.814358442000085],[53.39062143400008,26.7955923000001],[53.35656594900007,26.785882465000054],[53.32906543300004,26.791643888000085],[53.30575125800005,26.783219901000063],[53.258098896000035,26.788651378000047],[53.17747653200007,26.818514398000065],[53.15826899000007,26.83271850300004],[53.15605785400004,26.84457496700004],[53.19437775700004,26.845821944000118],[53.23816170100008,26.83140899000005],[53.22702340500007,26.83234967500006],[53.22766604000003,26.824964082000083]]],[[[55.04045828400007,25.89840621500002],[55.05656467500006,25.8602151040001],[55.034340505000046,25.855959549000048],[55.01810522400007,25.86186232700005],[55.00924605700004,25.876385104000075],[55.04045828400007,25.89840621500002]]],[[[55.13750719600006,26.248881489000055],[55.15325917600006,26.238331597000084],[55.14464802100008,26.234343561000085],[55.13750719600006,26.248881489000055]]],[[[55.28506076100007,26.258835887000046],[55.29237905800006,26.276417392000056],[55.306670730000064,26.28472979400007],[55.32011956100007,26.276122275000052],[55.319766611000034,26.249276215000087],[55.29433784500003,26.249501451000086],[55.28506076100007,26.258835887000046]]],[[[55.543986989000075,26.621290298000083],[55.48624355800007,26.58869035000006],[55.456334696000056,26.593344744000042],[55.42099731700006,26.576715817000043],[55.35805144200003,26.563210720000047],[55.33444166700008,26.571929616000045],[55.321959648000075,26.562942183000086],[55.32050078000003,26.547368086000084],[55.30098517400007,26.54717973600007],[55.289211984000076,26.538129176000044],[55.272294189000036,26.56175903800008],[55.27853636700007,26.611914268000103],[55.26202753200005,26.649805360000098],[55.27457337200008,26.657878530000076],[55.31687279100004,26.64483259600008],[55.34876219500006,26.644834600000035],[55.498142346000066,26.701103382000067],[55.55771280100004,26.70983528300008],[55.62461654600003,26.739208908000045],[55.63812890000003,26.761415515000085],[55.67669632600007,26.779993756000092],[55.700241139070286,26.769465499292203],[55.710090552000054,26.777943342000082],[55.73374032461935,26.774058270937346],[55.75017419700004,26.789399810000102],[55.7587960559353,26.779954080848213],[55.788988551000045,26.7880167480001],[55.78435316700006,26.790997295000082],[55.79285513400004,26.79649288000009],[55.78978265648765,26.81826808043745],[55.79702581100008,26.82695882400005],[55.77922395628058,26.836796933982892],[55.7691268705264,26.85516802056343],[55.76883671200005,26.880058645000098],[55.72874524500003,26.929364941000074],[55.73028657000003,26.939494968000073],[55.74373684200003,26.947003017000046],[55.77109073100007,26.947360143000058],[55.86018605600003,26.899307386000043],[55.88314918800006,26.89775668400007],[55.93443466200006,26.911638689000032],[55.99556019600004,26.950431422000086],[56.02657734400003,26.951594551000056],[56.15483135900007,26.995236066000093],[56.21736640700004,26.990386043000072],[56.28019935900005,26.95496709600008],[56.26579391100006,26.927099741000074],[56.20525074100004,26.92103647900008],[56.16525181800006,26.904032010000066],[56.13615825200003,26.835736050000047],[56.09038031600005,26.805956291000047],[56.07238235300008,26.778238544000025],[55.98081566800005,26.72936786700007],[55.97134307700003,26.708319061000083],[55.94120351300006,26.688367742000032],[55.92386537400006,26.685511996000077],[55.89551646600007,26.724887038000084],[55.86379409700004,26.73496091300009],[55.76963532800005,26.684388554000087],[55.74716306300007,26.679561243000038],[55.688594729000044,26.685218947000074],[55.62046296300008,26.64189293000004],[55.543986989000075,26.621290298000083]]],[[[55.89217509500003,26.68612620400008],[55.91453454200007,26.65959370300005],[55.90062648400005,26.62781731400003],[55.87472092400003,26.613370648000085],[55.85036369800008,26.615185371000074],[55.84488814100007,26.62895203700003],[55.87768537000006,26.68077398100008],[55.89217509500003,26.68612620400008]]],[[[56.40367422200006,26.88370392700006],[56.412898161000044,26.87531350000008],[56.40757665800004,26.86072419000006],[56.37117299400006,26.83177826800006],[56.32622822400003,26.821779948000042],[56.31618031000005,26.83396599800007],[56.316226087000075,26.857561808000085],[56.35342702200006,26.89245293600003],[56.40367422200006,26.88370392700006]]],[[[56.494169783000075,27.0392881110001],[56.47429005200007,27.030059150000078],[56.43035398700005,27.03808050000008],[56.41916347600005,27.051723052000064],[56.42405135800004,27.074275493000076],[56.45085318100007,27.101361432000036],[56.45874981900005,27.090910540000042],[56.48034126500005,27.092386398000038],[56.50219765400004,27.059045712000074],[56.494169783000075,27.0392881110001]]]]}},{"type":"Feature","id":"15","properties":{"ostan":"15","province_name":"لرستان"},"geometry":{"type":"Polygon","coordinates":[[[48.24757663700007,32.95928933700006],[48.19820732900007,32.92248299800009],[48.183443328000074,32.89846134500007],[48.146842019000076,32.90239576900011],[48.12883892900005,32.88980515000004],[48.13022339400004,32.870504668000045],[48.10806211700003,32.84795244200007],[48.11261675800006,32.83221007900006],[48.099022551000076,32.81376915400007],[48.05094026800003,32.80685683200008],[48.05754709100006,32.786348358000076],[48.07030121500003,32.78928469000006],[48.05410729100004,32.77504285400008],[48.06913948000005,32.76345431700005],[48.05918118300008,32.758670086000066],[48.066064134000044,32.751183916000066],[48.05932296500004,32.73897972900007],[48.06785118800008,32.727698026000056],[48.08078749100008,32.728739464000064],[48.084439201000066,32.71701820100004],[48.06195018900007,32.70864907600006],[48.076638254000045,32.696442498000096],[48.085945501000026,32.70075247700005],[48.08470140800006,32.688872114000056],[48.05416355800003,32.67359981700007],[48.00873457100005,32.677126661000045],[47.99972491900007,32.671914431000076],[47.99999848400006,32.66403059000004],[47.96521046000004,32.65123649100009],[47.968464907000055,32.655255419000085],[47.953348007000045,32.66960940400004],[47.94813318800004,32.68981939500006],[47.907902000000036,32.72048700400007],[47.92226826400009,32.72644355000007],[47.92320629200003,32.74095522200004],[47.93594124700007,32.745327516000046],[47.94151806200006,32.75839799400007],[48.00569817300004,32.767753215000035],[48.01266522800006,32.784634058000066],[47.996664062000036,32.81332926600005],[48.00090305500004,32.84405386200009],[47.978802269000035,32.84226310100008],[47.961452819000044,32.87370013000006],[47.93064269000007,32.88983644200007],[47.93247450100006,32.89803377100005],[47.92240910700008,32.896210965000094],[47.916092670000076,32.90569913000011],[47.890536946000054,32.91172561300007],[47.87276713700004,32.9247216530001],[47.86984936400006,32.936424093000035],[47.842370048000085,32.93651802600005],[47.82280654900006,32.951094343000086],[47.81474346200008,32.97004989300008],[47.77294938600005,32.97767544100005],[47.758200534000025,32.99421118500005],[47.70310580000006,33.01293530400006],[47.68708697300008,33.01014221200009],[47.64961332000008,33.03268857000009],[47.62587832000003,33.03280982300007],[47.59198857300004,33.04696256700006],[47.55050814900005,33.08855074800007],[47.54159665000003,33.08004532000008],[47.528607574000034,33.08389370800008],[47.523128142000076,33.10538785200004],[47.510591616000056,33.100781156000046],[47.48915931100004,33.112773003000044],[47.480829768000035,33.12480301400007],[47.48831342800003,33.13011559300004],[47.46029476800004,33.15119460600005],[47.43454738600008,33.15233877900005],[47.43462303700005,33.1704859640001],[47.41557741300005,33.17534301900004],[47.41879393000005,33.182530102000065],[47.394207013000035,33.20126040800005],[47.38899443900004,33.197562249000086],[47.37105768600003,33.21161347400005],[47.35514261500004,33.20073703600009],[47.34713680900006,33.220022478000026],[47.33281009900003,33.21597063900005],[47.328942839000035,33.22500860100008],[47.31086803000005,33.217854859000084],[47.30890309500006,33.23222945600005],[47.29515715300005,33.22826502000005],[47.28544136800008,33.23981009900009],[47.27494838400003,33.23285193000005],[47.26098710100007,33.248014290000064],[47.23311814300007,33.24969030800004],[47.23255192500005,33.26517259800004],[47.22169212000006,33.27574649500009],[47.19731796700006,33.281672532000094],[47.20400338400003,33.3050027830001],[47.179715017000035,33.30257594200004],[47.179708395000034,33.31660249900008],[47.16156928100003,33.32317534100005],[47.14664229600004,33.33931162300009],[47.108335640000064,33.33288488400008],[47.10159654600005,33.33827210400007],[47.10514801800008,33.34849110700004],[47.05950844000006,33.36109072100005],[47.053978233000066,33.37206428400004],[47.02430469300003,33.387838974000026],[47.00981481000009,33.385493269000065],[47.00660384300005,33.400239440000085],[47.02195320700008,33.40892207500007],[47.02673520900004,33.42115296200008],[46.99304851000006,33.436360907000065],[46.99399746000006,33.447461832000045],[46.985034004000056,33.443819231000106],[46.96121969500007,33.462934919000084],[46.91653692800003,33.47877528100003],[46.90621660200003,33.48790476800008],[46.90687073600003,33.49784198900005],[46.891537208000045,33.498531979000084],[46.88997776000008,33.5058235500001],[46.85940211600007,33.520414483000046],[46.86013508000008,33.53067018000007],[46.838536813000076,33.55253385100009],[46.84004988400005,33.572401829000064],[46.86582090600007,33.579882540000035],[46.86282238800005,33.593498638000035],[46.84598477800006,33.61132633100006],[46.88142188000006,33.620631288000034],[46.906733863000056,33.614897836000075],[46.936652338000044,33.62288013000007],[46.97866171600003,33.602304558000085],[46.97863057100005,33.59412788400007],[46.99142047400005,33.58531072900008],[47.00582140600005,33.594220138000026],[47.03702208800007,33.58684129100005],[47.021870566000075,33.634907570000074],[47.04424157200003,33.65428403800009],[47.046972588000074,33.67489694800005],[47.07006136600006,33.68749482600005],[47.066034527000056,33.69437894400007],[47.075042575000055,33.69814358800006],[47.06488754700007,33.70648779200008],[47.06937629500004,33.711279871000066],[47.08682639400007,33.69939925700007],[47.10862657600006,33.709623907000065],[47.11451606400005,33.70422797000003],[47.12511461300005,33.70987322800008],[47.155013524000026,33.70475189000006],[47.198509810000076,33.72884607000006],[47.20207670800005,33.71922751100006],[47.21972148000003,33.722096429000054],[47.22401493000007,33.729546073000066],[47.24202387400005,33.72947498900006],[47.24607793600006,33.744450040000096],[47.259183205000056,33.7505321290001],[47.30586052800004,33.731924871000075],[47.35028132100007,33.741816465000085],[47.35723084700004,33.735857091000085],[47.40959749000007,33.739160688000034],[47.42656679800007,33.76950143000007],[47.43733313100006,33.767866867000066],[47.44744572500008,33.77592537000003],[47.44079475500007,33.7862092940001],[47.450481747000026,33.787770806000026],[47.45907697800004,33.810068090000094],[47.50601628100003,33.84178733900008],[47.50007164200008,33.85234170500009],[47.50457965600003,33.887717910000056],[47.49561519000008,33.899893211000105],[47.50256593700004,33.91098175700007],[47.49543708900006,34.00524598500006],[47.46675080700004,34.00502335400008],[47.461192865000044,34.017548986000065],[47.44774171200004,34.02465325800006],[47.44876257200008,34.034891649000045],[47.43754252100007,34.051501395000074],[47.44986394100005,34.081831785000084],[47.45958450700005,34.09423926500004],[47.49540988600006,34.086796425000045],[47.52909727500003,34.103960804000074],[47.50756929200003,34.12111333600009],[47.50244953500004,34.13559058000005],[47.51807319900007,34.15378016700005],[47.53218417000005,34.157627667000064],[47.53831061400007,34.16863879600006],[47.55460073200004,34.16604804400005],[47.592773632000046,34.18633955900004],[47.58049435700008,34.201644732000034],[47.59445694200008,34.218583170000066],[47.61598343600008,34.22001221900008],[47.62436890700008,34.22849744800007],[47.65535147300005,34.225581043000055],[47.65286819200003,34.23598199900006],[47.66663819100006,34.23891504800002],[47.70893580300003,34.27122473400004],[47.70371863900005,34.29359318700006],[47.66747575100004,34.31414718400005],[47.70916091400005,34.370947468000075],[47.73420053500007,34.369534763000054],[47.75933447900008,34.359915933000046],[47.762749273000054,34.35237757400007],[47.76350660800006,34.36760022600006],[47.785738828000035,34.37566677200007],[47.77953667000003,34.32812297400005],[47.80887969900005,34.31195148200006],[47.85776482700005,34.26970439700007],[47.89710708100006,34.26613903800007],[47.90476279500007,34.273660981000035],[47.93011023727846,34.243216206442824],[47.98703978800006,34.245474858000115],[48.00709361600008,34.229299559000054],[48.055298021000056,34.21347361700006],[48.09586987000006,34.15440612700008],[48.20892331200008,34.092246507000034],[48.28157801400005,34.071657096000045],[48.31029620600003,34.05425248700005],[48.35217514100003,34.061337035000086],[48.35288329600007,34.01820760500006],[48.325742492163755,34.0097685336822],[48.34873295400007,34.00234667400009],[48.40582178100004,33.99840785100004],[48.48464275200007,34.008094505000024],[48.51831991500006,34.051839944000065],[48.51189329600004,34.10210501400008],[48.517935710000074,34.10961560900009],[48.543237340000076,34.11419966200005],[48.57111294400005,34.07000542700006],[48.611134537000055,34.095001726000085],[48.65446006115176,34.082337850726915],[48.70142954700003,34.08641786300006],[48.72884927200005,34.1205288300001],[48.75110415800003,34.10567422300008],[48.76494675600003,34.072627847000035],[48.84021171300003,34.03810466700005],[48.84815913700004,34.01101629400007],[48.859218696000035,34.003781997000054],[48.904271399000045,34.00755392200006],[48.919874770000035,34.02482229400007],[48.956175476000055,34.01118478000007],[49.03906655800006,34.01865272400006],[49.06447457200005,33.997448189000075],[49.04812191100007,33.96764338500005],[48.991236237000074,33.96976280900003],[48.959996627000066,33.94803221100007],[48.951775577000035,33.91799358900009],[48.95931723100006,33.89897921400008],[48.97582149700003,33.910149848000074],[48.990801092000034,33.903199679000096],[49.00322520000003,33.90857883000008],[49.00000056500005,33.89239114700008],[48.98812220800005,33.88605753500008],[48.99794317800007,33.86865019500005],[48.99642735700007,33.81228931600004],[48.98527288339942,33.79966400442804],[48.985968435000075,33.783805297000086],[49.00532427500008,33.76311343900008],[49.00998218900003,33.74421901700004],[49.00390160200004,33.73556801900005],[49.020637183000076,33.69142414700008],[49.070447786000045,33.691590520000055],[49.09526960100004,33.711141268000084],[49.15775446500004,33.69992695000009],[49.173259416000064,33.69304025500004],[49.204554563000045,33.60391053300005],[49.24658890300003,33.59739627500006],[49.27279139167228,33.60107126337642],[49.283112963000065,33.61666716100009],[49.285695522000026,33.64551063200005],[49.306738488000065,33.65494483800008],[49.324400179000065,33.65177451800003],[49.343394397000054,33.65821688200005],[49.36466732800005,33.684438963000055],[49.37370299500004,33.71677794500006],[49.386084321000055,33.728433380000084],[49.40864806000008,33.72482826100005],[49.42997045700008,33.698611098000065],[49.47722330700003,33.702636999000056],[49.50320127300006,33.68757497600008],[49.531159477000074,33.688900299000096],[49.60044370600008,33.732849766000065],[49.63324269100008,33.73873008500006],[49.61858666000006,33.69212510200005],[49.589079249000065,33.673468637000056],[49.58963050800003,33.640993053000045],[49.62710626100005,33.62404537000006],[49.64381305900008,33.58255968100009],[49.667416925000055,33.57072221700005],[49.70449261500005,33.57067848200009],[49.73084405000003,33.54171965600007],[49.777246294000065,33.51061108100006],[49.79031825900006,33.483147040000084],[49.78655174200003,33.46144375100006],[49.79451922800007,33.439364222000066],[49.92688714400004,33.40311378700005],[49.95051284900006,33.39160330600004],[49.95438747600008,33.38249052600005],[49.976803285000074,33.37533568000003],[50.039158770000036,33.37300196900004],[50.00004322700005,33.30532533200007],[49.85999554800003,33.18134399800007],[49.862297975000054,33.165184244000045],[49.88653999200005,33.126222783000095],[49.918252790000054,33.098537018000066],[49.919641510000076,33.06293964900006],[49.87950951500005,33.05082623300008],[49.84399694300004,33.057161190000045],[49.81336795900006,33.05139862500006],[49.71188977264615,33.08093354934323],[49.66226547200006,33.05023467700006],[49.65766719700008,33.02265140800007],[49.633024814000066,32.99075764200007],[49.63027393400006,32.96542369900006],[49.65544878900005,32.921535853000094],[49.72112962700004,32.857757584000105],[49.75000073600006,32.81566215600005],[49.72334224100007,32.79226601400009],[49.68283717500003,32.77580725200004],[49.60023462400005,32.78594459800007],[49.5943530852014,32.758511077581694],[49.579266458014594,32.75756875895501],[49.56742173300006,32.72217668600006],[49.561825241000065,32.72943880100009],[49.52979715200007,32.723544822000086],[49.522116305000054,32.731940787000056],[49.50056487900008,32.716528144000065],[49.48013831000003,32.72916874100003],[49.47283665600003,32.7268845080001],[49.46905398000007,32.736765758000075],[49.44597806000007,32.75055267700006],[49.43653288100006,32.77458236100007],[49.41974611200004,32.784843009000056],[49.40238173000006,32.81665665500005],[49.36881297000008,32.84252565900005],[49.33464311800003,32.83883767600005],[49.31324362400005,32.798641804000084],[49.29165364800008,32.79309141700005],[49.273138595000034,32.809433033000076],[49.27475472300006,32.81770384900008],[49.289529464000054,32.80473826100008],[49.30219352600005,32.82539274400007],[49.32562588700006,32.83686345900005],[49.277097137000055,32.845428712000064],[49.259012443000074,32.859453467000066],[49.21795018300003,32.853324114000046],[49.171521546000065,32.883310762000086],[49.16274329100003,32.87055372900005],[49.13857182400005,32.866507661000085],[49.12067948600003,32.88227053900006],[49.09290530200008,32.88291189800007],[49.06590593800007,32.900655710000024],[49.013632822000034,32.898039001000036],[49.004660931000046,32.90781167400008],[49.00669306800006,32.91510950800006],[48.99466971100003,32.90616555500004],[48.89544093100005,32.887206259000045],[48.87486853300004,32.90666862900003],[48.858806564000076,32.90778947000009],[48.84142258000003,32.94224097900008],[48.77115632200008,32.964725135000045],[48.76713144700006,32.958881941000094],[48.775906973000076,32.9544395660001],[48.762890854000034,32.94888665600009],[48.76913424000003,32.926003330000086],[48.73900115100008,32.89849924100002],[48.73023355600003,32.902483901000046],[48.71851665200007,32.89353549100008],[48.713263520000055,32.927634420000075],[48.690718838000066,32.95307688000005],[48.61758782600003,32.98611161800007],[48.582176064000066,32.97379572000007],[48.54585649000006,32.98473092000008],[48.50221935800005,32.96611839300006],[48.29041002300005,33.00001371300007],[48.26694730600008,33.010008556000074],[48.250000389000036,33.008059196000055],[48.24757663700007,32.95928933700006]]]}},{"type":"Feature","id":"21","properties":{"ostan":"21","province_name":"یزد"},"geometry":{"type":"Polygon","coordinates":[[[54.04981356600007,29.992530221000067],[53.941012532000066,30.052379835000078],[53.897440052000036,30.096307321000072],[53.88766226800004,30.121760486000035],[53.88767363300008,30.152609622000067],[53.893140439000035,30.15588676900007],[53.87675965900007,30.160598482000083],[53.87047339100008,30.17124729300009],[53.91189895700006,30.19896444200003],[53.883615415000065,30.205755741000097],[53.88236078482316,30.21467195496607],[53.870428390333174,30.22018247178704],[53.88776410995984,30.230677445487714],[53.90204798800006,30.225233691000053],[53.90633101900005,30.238653851000063],[53.91974264100003,30.22611230900005],[53.93656331400007,30.29794244900007],[53.93624771100008,30.347338830000073],[53.923931810000056,30.348450102000093],[53.92331007900003,30.373899825000013],[53.90131699500006,30.41794272100003],[53.90056128000003,30.44914315300009],[53.91064273200004,30.478814278000076],[53.834625241000026,30.61910745300002],[53.83711377000003,30.652460248000082],[53.78191761100004,30.680277757000063],[53.731608055000045,30.692346873000094],[53.57267305400006,30.70160121200009],[53.51322658600003,30.713327818000042],[53.44984392300006,30.739615285000085],[53.40144956800003,30.817674509000042],[53.37437930500005,30.840348728000055],[53.31797813000003,30.855172874000104],[53.11982038300005,30.956006479000056],[52.99921606700008,30.999585650000043],[52.997779224000055,31.01143895800006],[52.97945263300005,31.017073699000058],[52.94488007400008,31.011147550000057],[52.94385589600006,31.01631227100007],[52.96057259000003,31.02058640500011],[52.94824304600008,31.031129074000052],[52.96773083100004,31.025489752000073],[52.97243187300006,31.03000174300009],[52.95341030800006,31.040062548000076],[52.97264001600007,31.035139525000044],[52.969605759000046,31.09767744100006],[52.98010841400003,31.150568440000043],[52.89666847400008,31.14352607500009],[52.832829239000034,31.197147032000053],[52.83700390100006,31.21364095800005],[52.84718434600006,31.221365592000048],[52.91005897500003,31.23347282400006],[52.927389144000074,31.243326187000044],[52.95414543100003,31.298089981000057],[52.95720481700005,31.34583473200006],[52.930402754000056,31.40318489100004],[52.91150474500006,31.42550087000007],[52.873044966000066,31.435209274000044],[52.824239730000045,31.467092514000058],[52.80823464200006,31.48524368000006],[52.999990463000074,31.498651505000065],[53.069950771000045,31.52374199400004],[53.19654218600005,31.594499583000097],[53.142620726000075,31.66284229000009],[53.04236162300003,31.74438269800005],[53.007430501000044,31.832523429000055],[53.00050209200003,31.867071870000096],[53.04391517200003,32.04749192500006],[53.02520115200008,32.27479226000004],[53.029342562000075,32.32113400900007],[53.023173031000056,32.481834008000085],[52.98905641200008,32.541350380000054],[53.04424170100003,32.533998781000044],[53.17908390700006,32.611819761000056],[53.29461217800008,32.65332244500008],[53.323944407000056,32.65003211100005],[53.44983150200005,32.60221851100006],[53.458237077000035,32.60434464400006],[53.686010545000045,32.70408373200008],[53.682660576000046,32.70866640700009],[53.79954484400008,32.74208767500007],[54.12113507160555,32.859968016883194],[54.11691059200007,32.870789596000066],[54.19269644000008,32.902196393000075],[54.27015528600003,32.95554453600006],[54.29125727400003,32.98534093000009],[54.311105919000056,33.04306426500007],[54.32130828800007,33.05517186500007],[54.42777819600008,33.09857054500006],[54.47376729900003,33.106359823000055],[54.56914130800005,33.104756790000074],[54.76247696100007,33.078790288000064],[54.78439408600008,33.12061947600008],[54.78824641400007,33.14827009500006],[54.800060803000065,33.15413439100009],[54.79981083600006,33.16617849000006],[54.83982118100005,33.188595832000026],[54.91450993400009,33.18415739000007],[55.00407136500007,33.13678277600009],[55.10133443700005,33.23694491100003],[55.219278907000046,33.32406162500006],[55.29172947600006,33.35424260200009],[55.379030182000065,33.357050510000086],[55.40456788100005,33.38249473400005],[55.41689666100007,33.37559148400007],[55.46573775300004,33.30931287000006],[55.675753264000036,32.964967634000075],[55.79202667900006,32.854962054000076],[55.95886719200007,32.768618715000066],[55.93402581500005,32.7438895430001],[56.04267692800005,32.71109282100009],[56.175251281000044,32.61984115800005],[56.48757619200007,32.29580290300004],[56.60190240400004,32.15110142900005],[56.66589629600003,32.09027364100008],[56.62820187500006,32.05305815500003],[56.61103120100006,32.015368296000105],[56.60245228500003,31.925207461000074],[56.575735982000026,31.807610883000077],[56.572656582000036,31.706774984000056],[56.55836847300003,31.69260527800003],[56.52128871500008,31.676450471000102],[56.443918076000045,31.65489805800008],[56.22835126400008,31.546007301000053],[56.11683160300004,31.565634662000043],[56.099827007000044,31.547322339000083],[56.02490208800003,31.498574612000052],[55.956819574000065,31.399490201000045],[55.932687883000035,31.351064586000074],[55.88418429278774,31.330047290018605],[55.82624693200006,31.274779435000028],[55.46847082700003,31.178103528000097],[55.17565318100003,31.08484337500007],[55.03345979000005,31.059826403000056],[54.91254299900004,31.02941813300004],[54.72037187400008,31.068830733000038],[54.608667456000035,31.034884435000045],[54.526695819000054,31.018421976000088],[54.52816675400004,30.94675717300004],[54.54086555500004,30.89392719400007],[54.53282094600007,30.860521567000053],[54.54332708100003,30.83537456000006],[54.55456791200004,30.694477787000057],[54.56826129400008,30.64717610600007],[54.562643567000066,30.597186941000064],[54.52939880000008,30.53379617200006],[54.37022880300003,30.391427167000085],[54.398235303000035,30.343277627000088],[54.43597331600006,30.309306731000078],[54.48135244000008,30.27876335800005],[54.52284314600008,30.26804360100006],[54.53000922600006,30.2585523490001],[54.52999158000006,30.23711572100008],[54.54239566000007,30.221497049000064],[54.532313705000035,30.108711806000038],[54.55173313000006,29.971723741000083],[54.54249439700004,29.910818850000066],[54.56619316900003,29.846007716000045],[54.563266479996464,29.82648562700003],[54.588274643000034,29.61317526700004],[54.490185602000054,29.634714077000073],[54.46275564700005,29.621236718000052],[54.40316956400005,29.623083170000047],[54.250001257000065,29.592281993000046],[54.21376053500007,29.61035196100006],[54.12158549600008,29.776090220000075],[54.09740565600004,29.78874923600005],[54.105149941000036,29.86728175400004],[54.090510950000066,29.956010439000085],[54.09780675500008,29.972550717000058],[54.06900514300003,29.974328854000102],[54.04981356600007,29.992530221000067]]]}},{"type":"Feature","id":"14","properties":{"ostan":"14","province_name":"چهارمحال و بختیاری"},"geometry":{"type":"Polygon","coordinates":[[[50.63691937600004,31.427072576000086],[50.57480252400006,31.412955136000065],[50.54413865200007,31.43976388000005],[50.49900709800005,31.45251278100006],[50.47591470400005,31.42767431500006],[50.421689240000035,31.435228545000037],[50.41462189500004,31.419678542000057],[50.384086816000035,31.419535434000093],[50.34406097100003,31.433702641000064],[50.31909128100006,31.457283861000093],[50.34772286500004,31.49182013400008],[50.362122115000034,31.531779865000054],[50.37648158500008,31.540061259000037],[50.360564546000035,31.556865210000083],[50.38163391000006,31.57399091200008],[50.394186422000075,31.598607384000058],[50.456854287000056,31.601615714000072],[50.46899249842934,31.626618304912324],[50.40066998400005,31.69114615300006],[50.40882590500007,31.72559892200007],[50.40440101000007,31.7354258120001],[50.28289871900006,31.846160620000038],[50.27818309300005,31.857808035000076],[50.28939192200006,31.863193962000036],[50.28294540500008,31.877794941000072],[50.25270791200006,31.905804881000066],[50.23429706600007,31.946042722000108],[50.143023893000084,32.00208572300008],[50.015213792000054,32.10675421600007],[49.94725797400008,32.1774224210001],[49.93119789700006,32.21297422500007],[49.91991206600002,32.26701448700002],[49.86828435000007,32.32885862500007],[49.86728757800006,32.347520758000044],[49.82615982200008,32.37873217500006],[49.78619481000004,32.43639524000006],[49.72588709100006,32.498347860000045],[49.69495077600004,32.516375385000075],[49.621626613000046,32.58007562100005],[49.572830621000044,32.641799020000065],[49.51794219700008,32.69037383200005],[49.50648647100008,32.71691994000002],[49.51673720800005,32.72910014500008],[49.53817285500003,32.72325928500005],[49.561825241000065,32.72943880100009],[49.56742173300006,32.72217668600006],[49.57926645800006,32.75756875900006],[49.59434594700008,32.75851107800005],[49.60023462400005,32.78594459800007],[49.68283717500003,32.77580725200004],[49.72364419000008,32.79245625200008],[49.750003830000026,32.82037179900006],[49.758497988000045,32.808931334000086],[49.757365105000076,32.77022523200006],[49.77938005500005,32.75808438700006],[49.79866207900006,32.7587803690001],[49.85076913700004,32.714550232000065],[49.89698681900006,32.69595771300004],[49.90204695600005,32.68064759000004],[49.95966201600004,32.648647702000055],[50.02311252840431,32.62172047199299],[50.04981562300003,32.62353937800005],[50.12903929800007,32.66033325000007],[50.157099118000076,32.66448634000006],[50.21074304600006,32.62275068000004],[50.259304780000036,32.564989627000074],[50.32515755800006,32.52788816800008],[50.34318697100008,32.53149721700004],[50.361015001000055,32.54752431100009],[50.400913427000035,32.548252976000114],[50.435527086000036,32.57562220100007],[50.49430458000006,32.59279515800008],[50.50467344400005,32.642406060000056],[50.46502597500006,32.66394686000009],[50.466884503000074,32.675366291000046],[50.478356785000074,32.69139590700008],[50.50344822200004,32.68779573400008],[50.53735829400006,32.711492784000036],[50.548060848000034,32.71363613800001],[50.553645320000044,32.696296434000054],[50.54800096200006,32.69048158400008],[50.55414461200007,32.686682082000075],[50.56305883500005,32.69270328500007],[50.56603551800004,32.685874203000054],[50.578598991000035,32.69393204000005],[50.591379263000086,32.68710354800005],[50.62215356100006,32.68950415700007],[50.64276228600005,32.705309533000055],[50.74208617700003,32.70395236900005],[50.775326318000054,32.69375066500005],[50.83896947500006,32.709332701000065],[50.87642409000006,32.697981933000044],[50.911671768000076,32.666800576000085],[50.92099202800006,32.64817323500009],[50.92584988800007,32.60038011700006],[50.96173292200007,32.567460627000095],[50.99758932000003,32.550483970000116],[51.00564429600007,32.505179214000094],[50.97201524500008,32.4426642660001],[50.97109221200003,32.39014703500004],[50.99161279100008,32.36908550500005],[51.026314134000074,32.353912678000036],[51.02542743900004,32.347909836],[51.07227800600003,32.33125592400008],[51.14600878600004,32.28148421400006],[51.161775661000036,32.263335170000104],[51.17456809600003,32.221196900000066],[51.193154793000076,32.22034900000006],[51.231190920000074,32.17569414300005],[51.333140567000044,32.13967836700006],[51.359054737000065,32.118113663000045],[51.36106977400004,32.10631738300006],[51.38444045700004,32.08951967600007],[51.429238874000085,31.98907540100006],[51.41765743700007,31.951369299000074],[51.43922095200003,31.929299185000055],[51.42847802400007,31.881599085000065],[51.39878182500007,31.845612572000075],[51.33069072300003,31.843786763000043],[51.299393688000066,31.825725666000036],[51.29018494300004,31.80558277300003],[51.30278096600006,31.77324770800004],[51.36732125100008,31.713376474000057],[51.36213900800004,31.704328552000067],[51.30704280400005,31.68996769300002],[51.292717898000035,31.637670135000064],[51.289914743000054,31.56706330000006],[51.26375668700007,31.518581593000093],[51.275174520000064,31.49202376900005],[51.258181402000055,31.45895089300007],[51.286611908000054,31.451816777000044],[51.28926873700004,31.421882352000075],[51.30386639400007,31.421248035000087],[51.31322646700005,31.409306661000084],[51.31682229200004,31.384880412000054],[51.29456055300005,31.372996473000054],[51.31261486000005,31.325738148000035],[51.33710721300009,31.292819938000047],[51.34057892900007,31.252266306000053],[51.33224379500007,31.231693084000053],[51.33144905800003,31.19502430500008],[51.303396769000074,31.204315406000052],[51.25629895800006,31.20649084300005],[51.22887820400007,31.227334738000053],[51.19985182600004,31.21916463300007],[51.182312799000044,31.205076607000038],[51.17935663800006,31.176854968000047],[51.157926631000066,31.150697141000038],[51.129037004000054,31.157368155000054],[51.079066700000055,31.195427683000048],[51.05945983800007,31.181371443000057],[51.03991103900006,31.18013833000004],[51.02898051000005,31.168743924000083],[51.00421410600006,31.16562264500006],[50.99291999900004,31.183471003000093],[50.999050313000055,31.199580705000088],[50.97647914800007,31.21622736400009],[50.95121306900006,31.219880388000053],[50.96246443000007,31.261225451000044],[50.93408192600003,31.288939590000048],[50.89236008900008,31.308755279000042],[50.859987223000076,31.289282920000076],[50.81791105800005,31.309314893000067],[50.78748200500007,31.31254100100007],[50.75176182800004,31.33966015000005],[50.722312146000036,31.38208592500007],[50.70750023400007,31.390308556000065],[50.686403676000054,31.38193162500007],[50.67132471700006,31.39742358600006],[50.68182610551468,31.40909987012894],[50.649013076000074,31.41736726200005],[50.63691937600004,31.427072576000086]]]}},{"type":"Feature","id":"24","properties":{"ostan":"24","province_name":"اردبیل"},"geometry":{"type":"Polygon","coordinates":[[[47.85993495900004,38.038010107000055],[47.86561877700007,38.08152543300003],[47.860449379000045,38.147415778000045],[47.83305629500006,38.18043173400003],[47.827497546000075,38.197972002000036],[47.809747806000075,38.21353528400006],[47.80417383742437,38.24139085027848],[47.77557944400007,38.20399167200005],[47.74811438100005,38.21313031200005],[47.719944990000045,38.19705044900008],[47.69228363900004,38.22437425700009],[47.607741117000046,38.227115663000085],[47.56373867700006,38.21706588500009],[47.52944105500006,38.221396574000046],[47.51559603800007,38.242053487000085],[47.495603191577224,38.24689706042188],[47.39927896800003,38.23680696500005],[47.37423343700004,38.26690812200008],[47.34010458300003,38.28252450800006],[47.31737929700006,38.30693409800005],[47.32974075200008,38.322601582000054],[47.374936224000066,38.34733539300004],[47.39647243300004,38.37417261200005],[47.42464804700006,38.39134216500005],[47.451803959000074,38.46068986100007],[47.49962865400005,38.51599589300005],[47.50659656500005,38.53539718900005],[47.555638438000074,38.56073210500009],[47.56714962000007,38.624458396000094],[47.56577040900004,38.648915658000085],[47.535494508000056,38.68496713700008],[47.51804600400004,38.71840400600011],[47.449613217000035,38.756106833000054],[47.458540837000044,38.77025138700005],[47.49882393000007,38.78531133100009],[47.52194958800004,38.80564978000009],[47.55726591800004,38.81418230500004],[47.57070105200006,38.83507593200006],[47.568498144000046,38.87308033600005],[47.528222148000054,38.89596330700006],[47.51661663600004,38.91607850900006],[47.523961212000074,38.948079080000085],[47.534751321000044,38.961064407000045],[47.562053234000075,38.962880708000064],[47.57024406100004,38.97471457800005],[47.50131931300007,38.997761358000055],[47.52410370700005,39.00730222400007],[47.52801534500003,39.01934063100005],[47.506725982000034,39.03322579700006],[47.52550097000005,39.03907630900007],[47.52105086000006,39.04571142900006],[47.53565089600005,39.10726183500005],[47.52446898200003,39.14072848800006],[47.531994987000076,39.16577575900004],[47.52589586900007,39.20488205800009],[47.49478346200004,39.26016792700007],[47.49911726600004,39.292145484000066],[47.44699344600008,39.31197367400008],[47.385890259000064,39.41096016400008],[47.359998189000066,39.42515561800008],[47.37602157800007,39.430506942000086],[47.39226173000003,39.46236648500009],[47.41381844500006,39.46219191100006],[47.44670318500005,39.47983663500004],[47.46911032200006,39.47826821500008],[47.508279154000036,39.49712730800008],[47.52548010100003,39.49803055000008],[47.563488396000025,39.5150912060001],[47.586009747000055,39.537152803000055],[47.60194444900003,39.53616555600007],[47.65016267200008,39.56134671600007],[47.66301766000004,39.57492654500005],[47.69942330300007,39.5808900590001],[47.71471652200006,39.59363283800009],[47.73538095500004,39.5969181890001],[47.766691355000034,39.62146235700003],[47.777367462000036,39.62226374000006],[47.79607386300006,39.65222792700007],[47.872922982000034,39.66798930500005],[47.909824739000044,39.66032592700003],[47.913457004000065,39.668885509000084],[47.92768171600005,39.66641654000005],[47.97817066600004,39.69493295300005],[47.97546484000003,39.71033807500006],[48.03566438900003,39.68926836700008],[48.30166315400004,39.45491455200005],[48.33951248300008,39.41968069300003],[48.37337689100008,39.37524993700003],[48.31551900000005,39.360522340000045],[48.24978790600005,39.32916741100008],[48.23674123200004,39.33479496800007],[48.22470044200003,39.32567070100006],[48.21212852100007,39.32804114100004],[48.194318286000055,39.31027111300006],[48.15643103800005,39.294968779000044],[48.15180881200007,39.28136520200008],[48.14354528300004,39.280104095000084],[48.14754815900005,39.27591416500009],[48.129607005000025,39.27038835600007],[48.14235822100005,39.209212874000066],[48.16290454700004,39.18821537800007],[48.21195987800007,39.169481599000065],[48.23753036200003,39.13033460700007],[48.27908706900007,39.12116857400011],[48.30757450900007,39.10678975900006],[48.30422885100006,39.0942347270001],[48.31832964200004,39.08577618400005],[48.33843933500003,39.03500170800005],[48.327620800000034,39.01148773300003],[48.26700495000006,38.96551386000005],[48.23733820600006,38.96312559700006],[48.208209999000076,38.949431683000086],[48.168708424000044,38.954402893000086],[48.14394129000004,38.94474935700007],[48.08797657900004,38.94402717700008],[48.07125210600003,38.91126851500009],[48.02840330300006,38.89731107700004],[48.02046129400003,38.909270533000054],[48.01233905200007,38.905387157000085],[48.00808070395936,38.89305781288512],[48.01656023600003,38.86258372000003],[48.040296983000076,38.814877332000066],[48.10541835300006,38.787104332000105],[48.10670513800005,38.76940160900007],[48.17596048400003,38.76049291700009],[48.20905410100005,38.738463136000085],[48.24951329600004,38.72645813500004],[48.25041074400008,38.66205651800005],[48.295351356000026,38.6451983530001],[48.306801836000034,38.61113118900006],[48.320326151000074,38.601522148000086],[48.363783510000076,38.59564886900008],[48.385560576000046,38.60398081900008],[48.414139800000044,38.60326025600006],[48.426598690000056,38.61437852800003],[48.45689912900008,38.60926601300001],[48.455557836000025,38.58273394300008],[48.46321090500004,38.56313666200005],[48.47358051300006,38.55173356600006],[48.500150407000035,38.54988507200007],[48.51458681100007,38.517495136000065],[48.56866927900006,38.47602563300008],[48.587323394000066,38.449745377000056],[48.57142430000005,38.428521671000084],[48.572809876000065,38.41306603100004],[48.58247916100004,38.402290589000096],[48.573870458000044,38.369674112000055],[48.603043236000076,38.33036530100005],[48.59849222500003,38.318340863000074],[48.61012948500007,38.31756950400007],[48.63925156800008,38.29760671700008],[48.67379225500008,38.30976641100006],[48.673812884000036,38.27598442000006],[48.69922980264182,38.25568785757469],[48.68979323500008,38.23918110400009],[48.69318074600005,38.22402465200004],[48.70858604500006,38.21327409800008],[48.68958677200004,38.20393445400005],[48.68133190200007,38.163748093000045],[48.65026259500007,38.10377211400006],[48.65490904200004,38.091523488000085],[48.63888435800004,38.05464891100008],[48.606632896000065,38.04125552900009],[48.58673781200008,38.01631187400006],[48.58861164500007,38.00461359100008],[48.60303606900004,37.99359987300009],[48.590513402000056,37.97004931500006],[48.59116967400007,37.941909824000064],[48.553379606000085,37.93007707000007],[48.53482188000004,37.90591392100004],[48.540527774000054,37.89681060700009],[48.56009930500005,37.899588058000056],[48.55791571300006,37.861367426000086],[48.572865912000054,37.84185063900005],[48.56095417700004,37.81885746600006],[48.56857275500005,37.80185562500004],[48.59165670500005,37.78155017800004],[48.604286614000046,37.77969461500006],[48.61837899100004,37.78917019100007],[48.64388123300006,37.77530746700008],[48.62999030100008,37.70932247400007],[48.59016466600008,37.69658376200005],[48.58823236314883,37.68140866229986],[48.60327316000007,37.66583473200008],[48.61208893300005,37.62884716900005],[48.66146493200006,37.60358745900005],[48.67363935000003,37.59060705600011],[48.67986218500005,37.574559392000054],[48.67057943100008,37.5604045920001],[48.68636069000007,37.53297712500009],[48.68659712300007,37.50837206500008],[48.77838412700004,37.405853926000106],[48.80733969100004,37.38828767600006],[48.81110438400003,37.35056890700004],[48.84252634000006,37.3112140120001],[48.87457690700006,37.29541308100007],[48.86993437600006,37.27488966000004],[48.876333560000035,37.25400040800005],[48.896236283000064,37.21132833400003],[48.925679666000065,37.18754215500007],[48.92250836200003,37.17570868900003],[48.867807440000036,37.1528115830001],[48.85761871300008,37.14180427900007],[48.83491645400005,37.15145102700008],[48.82953627200004,37.183822775000074],[48.79779631100007,37.18944276300005],[48.79380024200003,37.18003077800008],[48.80540188000003,37.143395240000096],[48.79524593200006,37.137094654000066],[48.76574086000005,37.150675902000046],[48.74744032700006,37.17770577000006],[48.73383069000005,37.18050209200006],[48.65274477600008,37.126717333000066],[48.60924202900003,37.117865490000064],[48.59730545500003,37.10411192700011],[48.57932086000005,37.104441683000076],[48.568665587000055,37.12043799200007],[48.54751597000006,37.121121002000066],[48.54572833800006,37.13443394800005],[48.505960671000025,37.14055909400005],[48.49069606200004,37.17018984200007],[48.49470188000004,37.17768122900003],[48.478300767000064,37.17948127300009],[48.49060252400005,37.196101293000055],[48.47616748300004,37.20539118900007],[48.48185402300004,37.20997719500007],[48.46421196500007,37.213307871000055],[48.45295623800007,37.20742940200007],[48.42187162800008,37.223191473000064],[48.42758496000005,37.23874368100007],[48.41332217100006,37.248415370000046],[48.356049570000046,37.24802294400006],[48.33570064400004,37.239105491000025],[48.34357286300008,37.24850117700003],[48.33566254800007,37.26563200000008],[48.32178839900007,37.26678983900009],[48.320138531000055,37.27638861000003],[48.30310751900004,37.27421677200006],[48.29526931000004,37.28234271100008],[48.29633006900008,37.29431920500009],[48.28589500700008,37.29507890800005],[48.25942582600004,37.32429919000004],[48.24762124200004,37.32274792300008],[48.24655282100008,37.33775651300006],[48.23192386300008,37.35425398700005],[48.23503288100005,37.37151328300009],[48.19822337800008,37.377666977000054],[48.16703299100004,37.41902824100006],[48.164085329000045,37.47040666300008],[48.11469196300004,37.48706689700004],[48.10213337700003,37.50334735900004],[48.084129113000074,37.50572539200006],[48.07805629600006,37.51387435300007],[48.07974758000006,37.58261322500005],[48.02874845200006,37.61141806900003],[48.02073148100004,37.622373241000076],[48.027910158000054,37.6485527770001],[48.07739032300003,37.721363307000075],[48.104583971000075,37.749528122000086],[48.136944705000076,37.76766168800005],[48.13231426200008,37.780416787000036],[48.13952034700003,37.82070868100005],[48.127469996000066,37.82644014800008],[48.10268045600004,37.82394407500006],[48.10118850100008,37.85128022700008],[48.05607404300008,37.84664952900005],[48.04327942900005,37.857671470000085],[48.040711290000054,37.87391865600007],[48.01427240100003,37.88010876300009],[48.00850190700004,37.89164063300009],[47.99981204000005,37.89247528400004],[47.97419502900004,37.873167497000054],[47.945324011000025,37.87592643200006],[47.90663100100005,37.86055800700009],[47.894875368000044,37.86572245700007],[47.88743444500005,37.89921637800008],[47.91349288200007,37.92551440300009],[47.933627510000065,37.93498352100007],[47.93478101000005,37.94795170200008],[47.880928425000036,37.996230861000086],[47.85993495900004,38.038010107000055]]]}},{"type":"Feature","id":"17","properties":{"ostan":"17","province_name":"کهگیلویه و بویراحمد"},"geometry":{"type":"Polygon","coordinates":[[[50.50456752900004,30.225682367000072],[50.51035884000004,30.283578647000088],[50.48417805500003,30.36934911600005],[50.42538873400008,30.446513984000045],[50.38381868000005,30.522170106000047],[50.38589383800008,30.528686208000092],[50.50168614300003,30.530612336000043],[50.54543488400003,30.567748355000074],[50.529289764970336,30.60735364043985],[50.41106767700006,30.671270221000057],[50.39632978800007,30.690149530000046],[50.39447276200008,30.726366722000037],[50.32316922500007,30.709302009000066],[50.23594011800003,30.76680182100006],[50.24094983300006,30.81507403400009],[50.227606973000036,30.84291439100009],[50.22538704700003,30.883196671000093],[50.21621680000004,30.8984776120001],[50.180590676000065,30.91745790700004],[50.16918002800003,30.909906583000083],[50.15926226900007,30.870549224000076],[50.13954828000004,30.85208442600005],[50.10593521900006,30.835973450000054],[50.06343249100007,30.830973139000058],[50.03353473000004,30.85079234100006],[49.966029906000074,30.864607328000044],[49.966631033000056,30.871813716000098],[49.96023388100008,30.871609542000044],[49.94779590700006,30.891374683000073],[49.95180181900008,30.92553575100006],[49.93705589400008,30.932662331000085],[49.92087083200005,30.92513877500006],[49.88502030500007,30.959803548000036],[49.88642973000004,30.96936598200006],[49.910053565000055,30.983898592000077],[49.937244107000026,31.01904077700005],[49.950506708000034,31.041941367000078],[49.952052551000065,31.080748787000083],[49.980665771000076,31.11856062800008],[49.97247797800003,31.151910701000094],[49.94794995700005,31.19040701100005],[49.962001084000065,31.214948647000032],[50.044307909000054,31.250375096000027],[50.06433958100007,31.279896247000092],[50.13602190826859,31.251465881504057],[50.202726763000044,31.28743612500007],[50.21936739300003,31.28647626500004],[50.29881396900004,31.35996520100012],[50.26927612500003,31.38294599100003],[50.25037980400003,31.417052480000066],[50.31909128100006,31.457283861000093],[50.34406029500008,31.43370300100004],[50.384086816000035,31.419535434000093],[50.41462189500004,31.419678542000057],[50.421689240000035,31.435228545000037],[50.475914104000026,31.427674362000072],[50.49900709800005,31.45251278100006],[50.54413865200007,31.43976388000005],[50.57480252400006,31.412955136000065],[50.64024795000006,31.427312165000078],[50.649013076000074,31.41736726200005],[50.68182612500004,31.409099859000033],[50.67132471700006,31.39742358600006],[50.686403676000054,31.38193162500007],[50.70750023400007,31.390308556000065],[50.722312146000036,31.38208592500007],[50.75176182800004,31.33966015000005],[50.78748200500007,31.31254100100007],[50.81791105800005,31.309314893000067],[50.859987223000076,31.289282920000076],[50.89236008900008,31.308755279000042],[50.93408192600003,31.288939590000048],[50.96246404400006,31.26122581600005],[50.95121306900006,31.219880388000053],[50.97647914800007,31.21622736400009],[50.999050313000055,31.199580705000088],[50.99291999900004,31.183471003000093],[51.00421410600006,31.16562264500006],[51.02898051000005,31.168743924000083],[51.03991103900006,31.18013833000004],[51.05945983800007,31.181371443000057],[51.079066700000055,31.195427683000048],[51.129037004000054,31.157368155000054],[51.157926631000066,31.150697141000038],[51.17935663800006,31.176854968000047],[51.182312799000044,31.205076607000038],[51.19985182600004,31.21916463300007],[51.22887820400007,31.227334738000053],[51.25629871600006,31.206490928000065],[51.29237624700005,31.205979226000064],[51.32987741800008,31.19598621200005],[51.329877579000026,31.1020875070001],[51.34210073500003,31.06264067900003],[51.37766045300003,30.99653041200004],[51.50334377400003,30.88384153900007],[51.59461416600004,30.82875459700007],[51.736100402000034,30.726829657000064],[51.778432758000065,30.710264191000082],[51.81141144900005,30.714268654000083],[51.79898828800003,30.69318311100005],[51.819863749000035,30.69252673800006],[51.84480088600003,30.67574620800009],[51.85936118700005,30.656674924000075],[51.85001767700004,30.6406095930001],[51.87731533600004,30.62014628600009],[51.88293605200005,30.607112522000072],[51.88517684900006,30.586384390000067],[51.84946641800008,30.53797072200009],[51.839311466000034,30.51134303100003],[51.83684665000004,30.482466488000053],[51.84560381400007,30.461114918000106],[51.840843163000045,30.440918945000085],[51.822208431000035,30.423784126000058],[51.77863939800006,30.406624888000092],[51.77073219400006,30.382074490000033],[51.78737325600008,30.36502948500006],[51.752154071000064,30.341097514000094],[51.731047258000046,30.33582398800009],[51.66510298900005,30.371878756000072],[51.64253398900007,30.42054606100006],[51.61991342740752,30.44606969073048],[51.58793489800008,30.43529326000005],[51.515636749000066,30.43197792500006],[51.459198119000064,30.464896821000032],[51.39153901800007,30.468519972000056],[51.35391545300007,30.514442986000077],[51.34858288000004,30.53298432600009],[51.355297035000035,30.546342022000058],[51.34608376600005,30.564579363000075],[51.248986460000026,30.619352180000107],[51.217866997000044,30.650122782000043],[51.18629820400008,30.65792767000004],[51.157093977000045,30.613467874000065],[51.14321988700004,30.604357808000046],[51.14318894000007,30.57976466300006],[51.18098273600003,30.526410299000105],[51.20242640300006,30.48067488500006],[51.27289556200003,30.411602292000076],[51.293384573000026,30.381729251000042],[51.24307081646213,30.348771130419042],[51.23662252700007,30.334799556000082],[51.237289217000075,30.328017628000076],[51.276870392000035,30.29876146700009],[51.27711815200007,30.291638631000083],[51.24593877600006,30.260994946000043],[51.196817302000056,30.23540579400005],[51.18209419200008,30.207905398000047],[51.148761385000064,30.207625686000025],[51.13917496100004,30.213599691000077],[51.10002843400008,30.189305819000037],[51.06910096800004,30.19739352100005],[51.057467968000026,30.194188726000046],[51.048955489000036,30.18155753000009],[51.01860877400003,30.185268147000063],[51.003851103000045,30.176712059000085],[50.94092894000005,30.123335373000003],[50.94353628100004,30.099393305000046],[50.903074408000066,30.080416603000074],[50.87768206100004,30.053770774000025],[50.85878677100004,30.02645019100004],[50.84764369700008,29.98517753000007],[50.83451039800008,29.974240397000088],[50.74293289900004,29.995851742000085],[50.691535486000085,29.997413388000062],[50.630405807000045,29.97040248500008],[50.58383260700003,29.930619088000064],[50.57824961500006,29.941886390000064],[50.56838592500003,29.943011412000047],[50.56497714000005,29.950436450000048],[50.57197854800006,29.95473216300006],[50.556929912000044,29.970990269000044],[50.56646032700007,29.981192736000025],[50.55866868700008,29.999343694000085],[50.56681878900008,30.022826951000066],[50.54890996700004,30.035883752000096],[50.553774462000035,30.042753318000077],[50.55002631200006,30.060341503000085],[50.56186702700006,30.068961146000063],[50.55460875300008,30.08261544500006],[50.57465870100003,30.10140297700009],[50.57738082700007,30.133146742000086],[50.56941230800004,30.149158049000075],[50.51300894900004,30.170043569000047],[50.50456752900004,30.225682367000072]]]}},{"type":"Feature","id":"23","properties":{"ostan":"23","province_name":"تهران"},"geometry":{"type":"Polygon","coordinates":[[[51.27104699100005,35.1580178930001],[50.99980357700008,35.22432215800008],[50.85209580000003,35.220276783000074],[50.863278146000034,35.25661598900007],[50.92456486800006,35.348959687000075],[50.94892899900003,35.38277493700008],[50.97196979200004,35.39912309500004],[50.970555939000064,35.445964266000054],[50.95569379600005,35.45926591000008],[50.89012582000004,35.488590986000084],[50.83042282700006,35.47536176800004],[50.79040665200006,35.488336118000085],[50.75664685600003,35.48746075500004],[50.65557029300004,35.52079654700003],[50.64157888500006,35.54265427500008],[50.60548278200008,35.56065097500005],[50.51711812900004,35.56554347500004],[50.38958452500003,35.552595044000064],[50.382469245000046,35.55255881200005],[50.38424920800003,35.558382827000074],[50.36329392300007,35.55484468300007],[50.35722220800005,35.563625591000076],[50.333509123000056,35.55751733900008],[50.33224025200008,35.61658387800006],[50.360375668000074,35.65315341000008],[50.41654321400006,35.66325963000005],[50.604816026000044,35.68280469300004],[50.73990727100005,35.682479133000086],[50.77057046200008,35.703986112000074],[50.80398524300006,35.69775462000008],[50.81189870600008,35.70667545600001],[50.851567415000034,35.70589479000008],[50.89849894900004,35.72249941500007],[50.89767623400007,35.710724517000074],[50.91082323900008,35.69388941600002],[50.92267764400003,35.714815928000064],[50.93533280400004,35.701326045000044],[50.93923026200008,35.71179997200007],[51.00263518700007,35.700108560000054],[51.01083685400005,35.72584238500006],[51.019201758000065,35.725516771000066],[51.02685734200003,35.73617570400007],[51.04496960100005,35.726395500000045],[51.07677960900003,35.725948877000086],[51.10066939500007,35.738813846000035],[51.094153971000026,35.749908597000065],[51.122506772000065,35.7821060840001],[51.11026955800003,35.83863086100009],[51.18740755300007,35.922391558000086],[51.15599151200007,35.996669676000074],[51.26957863700005,35.966046162000076],[51.35157403300008,35.92279477200004],[51.379114669000046,35.921646975000044],[51.395741043000044,35.93448337600006],[51.42011692300008,35.9774606490001],[51.46154524700006,36.025188627000055],[51.553015025000036,36.101849974000075],[51.64183944400003,36.06535794300004],[51.707215403000056,36.049000899000085],[51.75941429000005,35.98142242500007],[51.77518867500004,35.976440760000074],[51.829175890000045,35.93453598900005],[51.87683100500004,35.91851006100008],[51.929511568000066,35.857478775000075],[51.967315943000074,35.84030734100007],[51.97843249300007,35.81322407200003],[51.99728143500003,35.79342598000004],[52.021762307000074,35.780305279000096],[52.07541736300004,35.76846676700008],[52.112749585000074,35.77030395500005],[52.12893935000005,35.77780737000008],[52.23185804900004,35.76846728300007],[52.274513624000065,35.80385068600004],[52.364778717000036,35.85134306300008],[52.416006647000074,35.892896502000035],[52.433610240000064,35.92656298500004],[52.44531719200006,35.93029685400007],[52.46581558500003,35.92844358000007],[52.48136124300004,35.91435593600006],[52.51066157900004,35.91090843100007],[52.661640119000026,35.93905010100008],[52.78734621700005,35.89330863900007],[52.83367117100005,35.90802653600009],[52.866290125000035,35.90042260600007],[52.87611136400005,35.88305167100004],[52.896188994000056,35.870663526000065],[52.900098255000046,35.846670582000066],[52.92078250800006,35.837757300000106],[52.97078181200004,35.83248422200006],[53.00578568900006,35.844509464000076],[53.04411057900006,35.822605006000074],[53.14362372700003,35.821561173000084],[53.154218410000055,35.812328466000075],[53.151198400000055,35.79623670800005],[53.102446162000035,35.76658608100008],[53.08773253600003,35.736195484000085],[53.014877038000066,35.710819351000055],[53.001894983000064,35.683310191000054],[52.98778955700004,35.67260434600008],[52.90163559400003,35.65227019100007],[52.80525950300006,35.5493561150001],[52.77883085800005,35.541083884000074],[52.71632839600005,35.55552824300004],[52.67702299000007,35.54636544800006],[52.55950288500003,35.412203954000084],[52.51897142900003,35.39288203300007],[52.42186873500003,35.36607646800009],[52.38297925100005,35.33802094900007],[52.36019958700007,35.34746291700005],[52.28557301200006,35.42139154200002],[52.25686061200008,35.44052631500008],[52.16325814100003,35.45515166900004],[52.07767788700006,35.44385369400006],[52.03324657200005,35.464199606000115],[51.998720244000026,35.509713950000055],[52.009007145000055,35.54962297400008],[51.98573672500004,35.57552556000007],[51.957957055000065,35.578023028000075],[51.92962403300004,35.55858378200003],[51.92101083000006,35.509966324000075],[51.92568949700007,35.47543430600007],[51.91260998800004,35.41743407700007],[51.92177835200005,35.402884126000096],[51.92515515700006,35.3655794100001],[51.90057494700005,35.328145749000065],[51.90481568900003,35.31980094500006],[51.87323184500006,35.27718686600005],[51.94862543600004,35.16374515100007],[51.97252169300003,35.13752748400006],[52.03721109500004,35.09521788500009],[52.04693885200004,35.068366576000095],[52.03574032200004,34.99996124000008],[52.00157074400005,34.91856467900005],[51.97779249200005,34.88434039000006],[51.71894103800008,35.011387287000076],[51.606987006000054,35.03131822700005],[51.583363605000045,35.026025344000075],[51.57721634900008,35.05137126700006],[51.54237392700003,35.088166670000085],[51.375453684000036,35.11628739300007],[51.27104699100005,35.1580178930001]]]}},{"type":"Feature","id":"16","properties":{"ostan":"16","province_name":"ایلام"},"geometry":{"type":"Polygon","coordinates":[[[46.511386222000056,32.89943552000007],[46.477992130000075,32.90269165700006],[46.433840512000074,32.94050080000007],[46.36910313900006,32.96453535700007],[46.262053636000076,32.976743492000054],[46.165581348000046,32.954710451000054],[46.09830899900004,32.9830106630001],[46.100700284000034,33.01911122700006],[46.13086006000003,33.02084843200005],[46.139781911000064,33.04180097500005],[46.136196631000075,33.04916435100006],[46.14914751200007,33.05348784400009],[46.16020967900005,33.07081342700008],[46.123681966000056,33.07228442000008],[46.08569697300004,33.09035799300007],[46.04441881500003,33.09330381700006],[46.04500002100008,33.124136996000054],[46.12037859900005,33.1182754590001],[46.133650041000074,33.13841090700006],[46.19832566700006,33.18124944900008],[46.199271268000075,33.19219880300006],[46.22225142900004,33.20265856600002],[46.18416702800005,33.203482281000056],[46.187511051000065,33.21023743500008],[46.17638206700008,33.22442903900005],[46.13071190900007,33.24166457100007],[46.09110645800007,33.271779938000094],[46.06597389600006,33.31468646500008],[46.068960760000046,33.351838223000094],[46.063148108000064,33.37178907100003],[45.93605768900005,33.456121535000094],[45.877386544000046,33.47932883100005],[45.86141177600007,33.495308041000065],[45.85365404400005,33.53124477200006],[45.823702893000075,33.583152443000095],[45.79994394100004,33.597497729000075],[45.75358896500007,33.59306043900007],[45.749033938000025,33.605257262000094],[45.762659443000075,33.61695756800003],[45.752258776000076,33.62867853800004],[45.751540756000054,33.64119472300007],[45.69597726500007,33.67554024400007],[45.767200796000054,33.70310251200005],[45.76513006000005,33.71129562400007],[45.77629350600006,33.72307195200006],[45.81793147500008,33.73279219500008],[45.84403152500005,33.75665421800008],[45.88443995800003,33.77740690100007],[45.83137685500003,33.812554685000094],[45.88610640500008,33.859942378000035],[45.89166506400005,33.88489984600007],[45.90597677491765,33.898704452463406],[45.889108244000056,33.90221386300006],[45.881052673000056,33.91701497700009],[45.84126659800007,33.92436156100009],[45.83584353400005,33.954087869000055],[45.85019235300007,33.982138876000114],[45.860103501000026,33.99047077800004],[45.88125683700008,33.989703305000056],[45.94535282400006,33.963785232000085],[45.97361449000004,33.97577430500011],[45.990473862000044,33.97451939400003],[46.029565458000036,34.00101497000004],[46.056453591000036,34.04106887100004],[46.11028245500006,34.023960101000085],[46.15935403100008,33.983206779000064],[46.26518912700004,33.95524289100007],[46.28080768800004,33.95664965200009],[46.30429684600006,33.993373335000065],[46.451081593000026,33.92513672500005],[46.510202442000036,33.88764291600007],[46.55395414000003,33.87075395300009],[46.577482846000066,33.85069016600008],[46.60723280500008,33.83978880300007],[46.67298800700007,33.79367202600004],[46.69370132700004,33.760727122000056],[46.71369144800008,33.74982375000009],[46.732664803000034,33.74389122300008],[46.75195155111194,33.74829914484843],[46.75626123200004,33.768099249000066],[46.77004242600003,33.77212255800005],[46.867054858000074,33.73299523200008],[46.90382585300006,33.7437434280001],[46.918736453000065,33.770760860000074],[46.95409877000002,33.75984276400007],[46.96251650000005,33.74753766600003],[46.98007461000003,33.74067635600007],[46.99888293200007,33.775829675000075],[46.991416737000065,33.81024346900006],[46.99592652200005,33.81586790200006],[47.06376067300005,33.81735864700008],[47.07040788200004,33.82737209300008],[47.100512415000026,33.82590031400008],[47.10051677400003,33.836697827000094],[47.11123260800008,33.84311053100007],[47.11911215300006,33.84086761600005],[47.13592798700006,33.812837219000095],[47.18681614800005,33.816460197000026],[47.215655592000076,33.80258037600005],[47.25575501600008,33.805322406000094],[47.30658083800006,33.78658945700005],[47.37592061000004,33.843453614000076],[47.38687517000006,33.87908311500009],[47.34870671900006,33.908044357000044],[47.33649873600007,33.92954084500009],[47.30484775700006,33.928604362000065],[47.27552261000005,33.94217665200008],[47.30587648800008,33.98007453400004],[47.38348979500006,33.93932062900009],[47.39697569900005,33.95485625200009],[47.41584755700006,33.959189316000064],[47.46817727100006,33.9427532330001],[47.477373768000064,33.94928292800007],[47.50001821200004,33.94513953200006],[47.502508757000044,33.90902649500007],[47.49561519000008,33.899893211000105],[47.50457965600003,33.887717910000056],[47.50007164200008,33.85234170500009],[47.50517804300006,33.83984794400006],[47.45907697800004,33.810068090000094],[47.450481747000026,33.787770806000026],[47.44079475500007,33.7862092940001],[47.44744572500008,33.77592537000003],[47.43733313100006,33.767866867000066],[47.42656679800007,33.76950143000007],[47.40959749000007,33.739160688000034],[47.35723084700004,33.735857091000085],[47.35028132100007,33.741816465000085],[47.30586052800004,33.731924871000075],[47.259183205000056,33.7505321290001],[47.24607793600006,33.744450040000096],[47.24202387400005,33.72947498900006],[47.22401493000007,33.729546073000066],[47.21972148000003,33.722096429000054],[47.20207670800005,33.71922751100006],[47.198509810000076,33.72884607000006],[47.155013524000026,33.70475189000006],[47.12511461300005,33.70987322800008],[47.11451606400005,33.70422797000003],[47.10862657600006,33.709623907000065],[47.08682639400007,33.69939925700007],[47.06937629500004,33.711279871000066],[47.06488754700007,33.70648779200008],[47.075042575000055,33.69814358800006],[47.066034527000056,33.69437894400007],[47.07006136600006,33.68749482600005],[47.046972588000074,33.67489694800005],[47.04424157200003,33.65428403800009],[47.021870566000075,33.634907570000074],[47.03702208800007,33.58684129100005],[47.00582140600005,33.594220138000026],[46.99142047400005,33.58531072900008],[46.97863057100005,33.59412788400007],[46.97866171600003,33.602304558000085],[46.936652338000044,33.62288013000007],[46.906733863000056,33.614897836000075],[46.88142188000006,33.620631288000034],[46.84627270500005,33.61185950600003],[46.86282238800005,33.593498638000035],[46.86582090600007,33.579882540000035],[46.84004988400005,33.572401829000064],[46.838536813000076,33.55253385100009],[46.86013508000008,33.53067018000007],[46.861751826000045,33.51724325500006],[46.87250161000003,33.517684148000065],[46.891537208000045,33.498531979000084],[46.90684016800003,33.49790172600007],[46.90621660200003,33.48790476800008],[46.91653692800003,33.47877528100003],[46.96121969500007,33.462934919000084],[46.985034004000056,33.443819231000106],[46.99399746000006,33.447461832000045],[46.99304851000006,33.436360907000065],[47.02673520900004,33.42115296200008],[47.02195320700008,33.40892207500007],[47.00660384300005,33.400239440000085],[47.00981481000009,33.385493269000065],[47.02430469300003,33.387838974000026],[47.053978233000066,33.37206428400004],[47.05950844000006,33.36109072100005],[47.10514801800008,33.34849110700004],[47.10159654600005,33.33827210400007],[47.10833563968626,33.33288488389679],[47.14664229600004,33.33931162300009],[47.16156928100003,33.32317534100005],[47.179708395000034,33.31660249900008],[47.179715017000035,33.30257594200004],[47.20400338400003,33.3050027830001],[47.19731796700006,33.281672532000094],[47.22169212000006,33.27574649500009],[47.23255192500005,33.26517259800004],[47.23311814300007,33.24969030800004],[47.26098710100007,33.248014290000064],[47.27494838400003,33.23285193000005],[47.28544136800008,33.23981009900009],[47.29515715300005,33.22826502000005],[47.30885715200003,33.232211370000094],[47.31086803000005,33.217854859000084],[47.328942839000035,33.22500860100008],[47.33281009900003,33.21597063900005],[47.34713680900006,33.220022478000026],[47.35514261500004,33.20073703600009],[47.37105768600003,33.21161347400005],[47.38899443900004,33.197562249000086],[47.394207013000035,33.20126040800005],[47.41879393000005,33.182530102000065],[47.41557741300005,33.17534301900004],[47.43462303700005,33.1704859640001],[47.43454738600008,33.15233877900005],[47.46029476800004,33.15119460600005],[47.48831342800003,33.13011559300004],[47.480829768000035,33.12480301400007],[47.48915931100004,33.112773003000044],[47.510591616000056,33.100781156000046],[47.523128142000076,33.10538785200004],[47.528607574000034,33.08389370800008],[47.54159665000003,33.08004532000008],[47.55050814900005,33.08855074800007],[47.59198857300004,33.04696256700006],[47.62587832000003,33.03280982300007],[47.64961332000008,33.03268857000009],[47.68708697300008,33.01014221200009],[47.70310580000006,33.01293530400006],[47.758200534000025,32.99421118500005],[47.77294938600005,32.97767544100005],[47.81474346200008,32.97004989300008],[47.82280654900006,32.951094343000086],[47.842370048000085,32.93651802600005],[47.86984936400006,32.936424093000035],[47.87276713700004,32.9247216530001],[47.890536946000054,32.91172561300007],[47.916092670000076,32.90569913000011],[47.92240910700008,32.896210965000094],[47.93247450100006,32.89803377100005],[47.93064269000007,32.88983644200007],[47.961452819000044,32.87370013000006],[47.978802269000035,32.84226310100008],[48.00090305500004,32.84405386200009],[47.996664062000036,32.81332926600005],[48.01266522800006,32.784634058000066],[48.00569817300004,32.767753215000035],[47.94151806200006,32.75839799400007],[47.93594124700007,32.745327516000046],[47.92320629200003,32.74095522200004],[47.92226826400009,32.72644355000007],[47.907902000000036,32.72048700400007],[47.94813318800004,32.68981939500006],[47.953348007000045,32.66960940400004],[47.968464907000055,32.655255419000085],[47.955048859000044,32.63410329400006],[47.98868539600005,32.61048309300005],[47.94106284600008,32.60875689500009],[47.93247180800006,32.59801705600007],[47.91483315200003,32.60103351300008],[47.93189821200008,32.5787385130001],[47.91058962300008,32.57791340100004],[47.900521851000065,32.56706332000005],[47.92034445500008,32.55224363500004],[47.943733431000055,32.5603169870001],[47.93147267900008,32.545508679000086],[47.932459093000034,32.53506989100005],[47.942813287000035,32.5303362110001],[47.950520881000045,32.53884097900003],[47.955335450000064,32.53157443400006],[47.939880050000056,32.520863054000095],[47.942126665000046,32.51586519600007],[47.953963688000044,32.51377534800003],[47.96198785800004,32.52213363400007],[47.979249906000064,32.52412613100007],[47.98069532100004,32.534529942000084],[48.00013358600006,32.534702550000084],[48.013607654000054,32.52635027300007],[48.02061223700008,32.50640773400007],[48.02227301800008,32.411884475000114],[48.03603110200004,32.35490022200004],[47.99844963600003,32.339713266000054],[47.97750101400004,32.290418912000085],[47.95834467100008,32.2962380750001],[47.92699483900003,32.23514884800007],[47.905841304000035,32.22622726400005],[47.84742096800005,32.16318771600005],[47.85296668900003,32.153187342000024],[47.75663158500004,32.091442102000045],[47.66329459400004,32.04815922100006],[47.648429616000044,32.06262156100008],[47.650579711000034,32.07957902800007],[47.62388135300006,32.101441287000085],[47.592510256000025,32.11624312000005],[47.564048349000075,32.11738211200005],[47.53142896000003,32.148097338000085],[47.53785735300005,32.175080295000065],[47.571286748000034,32.215148491000065],[47.56619844200003,32.224057603000084],[47.53980774100007,32.23423759600008],[47.49301483700003,32.27732110400009],[47.50626094400452,32.29463871899993],[47.49991604000007,32.30079967100007],[47.476076601000045,32.317508481000075],[47.44717550400003,32.32078914200004],[47.44264145400007,32.33993842700008],[47.42595136800003,32.35207853100009],[47.446174659000064,32.356284538000075],[47.453948439000044,32.386333810000075],[47.38648643800008,32.46702277400005],[47.346081895000054,32.463893763000044],[47.32102611000005,32.48339761300008],[47.29335268900007,32.49178466000008],[47.26407714700008,32.46736637800008],[47.23060181900007,32.46901259500005],[47.20509284700006,32.45772037000009],[47.17837098500007,32.463569681000045],[47.17501448100006,32.451667105000084],[47.10567268200003,32.47821762400004],[47.00361488300007,32.56860810700005],[46.95717986600005,32.594134822000086],[46.92373080100003,32.623825160000045],[46.88877533400006,32.639478296000064],[46.87268123100006,32.66411997100006],[46.825778866000064,32.7020526410001],[46.78787805200005,32.71160874000005],[46.74294908100006,32.759694961000044],[46.65723624200007,32.801087951000085],[46.64721244800006,32.81974321500009],[46.540972528000054,32.86967624800009],[46.511386222000056,32.89943552000007]]]}},{"type":"Feature","id":"11","properties":{"ostan":"11","province_name":"سیستان و بلوچستان"},"geometry":{"type":"Polygon","coordinates":[[[59.79565013973554,25.404990008282944],[59.63979444200004,25.39064393200005],[59.594251224297814,25.392643020948814],[59.54282330800003,25.412782256000085],[59.49156606896221,25.463697511997836],[59.44644053278798,25.4722587725114],[59.30942332700005,25.452724699000054],[59.26716446000006,25.436656371000034],[59.25986136887945,25.441004422511764],[59.25240500400008,25.433019127000033],[59.24159878292754,25.443165709520535],[59.22043682200007,25.440227992000086],[59.21049260493417,25.55780145199596],[59.235772502936825,25.636700094996208],[59.219440159362016,25.665086765804066],[59.20550939886512,25.728450024991833],[59.13892795200007,25.796977492000064],[59.13195269900007,25.80679603900008],[59.14655384100008,25.80741164100005],[59.139875860000075,25.814235613000076],[59.082447435000056,25.851732257000055],[59.076973347000035,25.88891443000009],[59.02738752100004,25.920246308000095],[59.00389588200005,25.920573124000068],[58.99838135700003,25.94189804600006],[59.02365236000003,25.975050456000083],[59.077002103825485,25.9941906039895],[59.064264768000044,26.010093378000107],[58.99513413000006,26.04763177400004],[58.99795257300008,26.060426499000084],[59.01639912800005,26.064476039000056],[59.01634896300004,26.070290505000067],[59.00503564300005,26.07271520500008],[59.028099575000056,26.117634350000067],[59.02049054200006,26.138651327000037],[59.028823911000075,26.166987027000065],[59.01279907900005,26.183429130000047],[58.97229230700004,26.196476819000072],[58.849734943000044,26.210281416000058],[58.82031458200003,26.220139639000028],[58.829402833000074,26.257552196000045],[58.87316447200005,26.293522587000037],[58.88792602500007,26.324220232000094],[58.859912358000024,26.36210804000006],[58.80392028500006,26.41626617000004],[58.83451921100004,26.45172490000006],[58.83995074900008,26.483878553000082],[58.879373773000054,26.494485459000057],[58.904926583000076,26.51282512300005],[58.93687279700004,26.51421714700008],[58.989770903000085,26.500782324000067],[58.99623891900006,26.512073278000074],[58.972944400549764,26.55921400701769],[58.92311785265233,26.590354776416284],[58.92027966402125,26.600650140963495],[58.92778994289009,26.61151927361086],[58.93669374615665,26.61037782674428],[58.92872092115156,26.619372112621107],[58.94187149112791,26.636255711882015],[58.93424998020829,26.657303108151968],[58.94806833310332,26.66323707639327],[58.972060740018776,26.691034307688685],[58.99953423500006,26.703567071000087],[59.00025991600007,26.72733268400006],[58.99049258100007,26.759220007000078],[58.958546458000065,26.76616569000004],[58.86640037500007,26.80973061500006],[58.88034579000003,27.012791667000066],[58.86303789200009,27.13810871000004],[58.83389604800004,27.22732844900004],[58.883780568000084,27.508900515000086],[58.89854241200005,27.55895818300009],[58.90078956200006,27.610650932000073],[58.91167627100004,27.651864469000042],[58.90198831500003,27.68048050200001],[58.91760037900007,27.698519954000073],[58.91471492700004,27.72452648300005],[58.893340515000034,27.778202412000056],[58.88872776200003,27.82955553600006],[58.90012206500007,27.96120376200003],[58.924014225000064,28.007238816000047],[58.93642660200003,28.058512836000045],[58.96023404400007,28.09204962400005],[59.085874206000035,28.01965936800009],[59.09922619500003,28.000016328000086],[59.09580291000003,27.98065226100006],[59.106951517000034,27.953535697000085],[59.15517196600006,27.90878970900007],[59.19696385800007,27.909617302000093],[59.24435006200008,27.933613713000074],[59.250009531000046,28.015064373000033],[59.546896754000045,28.017470355000064],[59.54233691500007,28.024394823000048],[59.551349952000066,28.030965428000073],[59.551884628000046,28.04509916900004],[59.53564209800005,28.044317013000075],[59.48358991200007,28.085856846000095],[59.47124010200008,28.140749118000038],[59.496166420000066,28.20182768200007],[59.563738600000086,28.203391642000067],[59.605274965000035,28.268124427000043],[59.59560813400003,28.295257707000093],[59.53127863800006,28.311611551000063],[59.47805319500002,28.287273596000052],[59.41856137900004,28.319023250000054],[59.41512531200004,28.343699552000043],[59.445076369000056,28.397918558000097],[59.55694438000007,28.383779156000088],[59.63837592300006,28.399952592000034],[59.70998246600004,28.439892456000077],[59.72420846300009,28.48701821300007],[59.563219635000046,28.595785214000056],[59.53188483200006,28.625496988000062],[59.51508773700004,28.668493045000044],[59.49945899000006,28.799824670000078],[59.50010365200006,29.003515492000076],[59.47906224800005,29.099593490000093],[59.434680814000046,29.199787155000053],[59.42506005600006,29.28817533800005],[59.431134696000065,29.429129954000086],[59.424728716000054,29.49981403700007],[59.42374475900005,29.797537146000053],[59.41124528800003,29.99918983600006],[59.44037797300007,30.08176751100006],[59.43626212400005,30.117649227000076],[59.42232812900006,30.14129926300007],[59.41755231900004,30.28474738000007],[59.418835469000044,30.392133702000038],[59.43087676700003,30.472237970000055],[59.45119311900004,30.51904736600006],[59.48321353400008,30.527839895000053],[59.488123280000075,30.52293135700008],[59.51987017600005,30.548430473000078],[59.545375241000045,30.559278496000058],[59.712408139000054,30.586710425000046],[59.733072950000064,30.608060459000082],[59.769825667000084,30.63031845000007],[59.81811312500009,30.63783867500008],[59.866754445000026,30.676141351000087],[59.87384289200003,30.682906090000074],[59.87519908400003,30.708694540000096],[59.94189847396398,30.764018798999118],[59.952488592000066,30.8843028840001],[59.97521189300006,30.918001949000033],[59.994271389000055,30.96836604000004],[60.030263392000045,31.012783326000033],[60.080774835000064,31.007064765000077],[60.10522347300007,31.011081723000114],[60.136333096000044,31.002763931000068],[60.19625986300008,31.012266281000063],[60.21628197100006,31.02459676300004],[60.23846998100004,31.023131125000106],[60.26635327100008,31.036393688000047],[60.28707398800003,31.05304732400007],[60.266475140000075,31.07289737400005],[60.23983949800004,31.124518907000052],[60.270414962000075,31.148017116000076],[60.29108995900003,31.14670097700004],[60.29502939800005,31.15723455200004],[60.314065224000046,31.165662275000056],[60.33696871200005,31.166539616000083],[60.34983947800004,31.196546832000045],[60.373234426000074,31.217414510000037],[60.41140604300005,31.208812101000056],[60.43145488200008,31.21944157300005],[60.52487830200004,31.199560663000067],[60.59399055200004,31.22762462100009],[60.64759419400008,31.21985070200003],[60.67698873600006,31.225570494000078],[60.659756863000034,31.26446145500006],[60.67593651100003,31.290500891000086],[60.695667126000046,31.30057065200006],[60.73873150800006,31.300866177000078],[60.79928878000004,31.321032441000085],[60.81299601900008,31.36469709400007],[60.84656108700006,31.411405617000085],[60.84305984600007,31.427774884000033],[60.85308403500006,31.447640244000084],[60.85718419600004,31.483481453000028],[61.70405371800007,31.37845110000007],[61.77907987600008,31.304308533000054],[61.77017431800005,31.24832898300008],[61.77683274300006,31.2147959370001],[61.77109081000004,31.207018144000084],[61.78698287100008,31.19457556200008],[61.80368582600005,31.16610770900009],[61.81220682100007,31.11118279800008],[61.83004821600008,31.09026243600006],[61.827619232000075,31.049388768000046],[61.83854306200004,31.035311438000083],[61.82953670400007,31.030485263000074],[61.832646191000045,31.01547136000006],[61.82684323800004,31.01570771600008],[61.82328267000009,30.998398167000076],[61.83426752600008,30.97631756200009],[61.80139188900006,30.944411509000094],[61.782699477000044,30.94312987100006],[61.78311257000007,30.90458410500003],[61.79496421700003,30.883330604000037],[61.79160293900003,30.86649995600005],[61.805342575000054,30.835623976000104],[61.78396089500007,30.820736811000085],[60.872709256000064,29.858547385000076],[61.17166555600004,29.525798865000098],[61.298677217000034,29.412645999000066],[61.30411131600005,29.39960808800005],[61.35371420000008,29.375450718000046],[61.37185373900007,29.340542193000047],[61.37180251500007,29.32110581900003],[61.36631618800004,29.29531870400008],[61.35142630400003,29.285989875000055],[61.36324463900008,29.27196685900005],[61.36147959000005,29.261198293000074],[61.36995186800005,29.247592534000045],[61.41400176400004,29.196426212000077],[61.41795303300005,29.14192997600003],[61.43271340600007,29.126963357000097],[61.450818734000045,29.131561467000044],[61.47478779100005,29.122680760000062],[61.47123486900006,29.10601086200006],[61.476714498000035,29.094769553000077],[61.46920029000006,29.088045276000077],[61.51038506700007,29.051501750000053],[61.481092892000056,29.02425591500003],[61.51140693700006,29.01604685500007],[61.53895293600005,28.99815644800004],[61.57856786200006,28.910279190000058],[61.645076939000035,28.803397168000053],[61.68303936800004,28.767540870000083],[61.74972736400009,28.721738038000076],[61.82281375100006,28.633876565000048],[61.87663099800006,28.598607723000068],[61.90855288700004,28.5652128990001],[61.959520419000064,28.54123640200004],[61.98787090400003,28.540467669000073],[62.058317571000025,28.507398256000066],[62.16635040500006,28.491113498000075],[62.22859089600007,28.46102805400007],[62.321405441000074,28.450252287000065],[62.35361344800003,28.435208881000055],[62.39223342500003,28.43031630000008],[62.43076627200003,28.404193912000054],[62.439195316000045,28.38956808200005],[62.47667665800003,28.372738316000046],[62.488194970000045,28.374394195000047],[62.513166771000044,28.32131490400009],[62.52742006500006,28.316012842000088],[62.60178981600007,28.246903327000055],[62.79136174200005,28.27592823300007],[62.79311745500007,28.22563336200007],[62.760622857000044,28.02488923900007],[62.827760443000045,27.76568736700005],[62.84809671200003,27.46284015500005],[62.79542748800003,27.353019680000045],[62.79516074200007,27.336693748000098],[62.80938719200003,27.329252488000094],[62.804955922000026,27.32498322800006],[62.811374292000046,27.316710284000088],[62.82774475600007,27.308695581000062],[62.82220316100007,27.303155214000075],[62.827197495000064,27.29852103400005],[62.81748347400003,27.294698280000038],[62.808650614000044,27.26388371900003],[62.77630306200007,27.262685032000032],[62.77462979100005,27.256271231000056],[62.79070307200004,27.248701587000028],[62.819665428000064,27.217982896000038],[62.85223741500005,27.216616672000065],[62.87586182500007,27.2298788460001],[62.901241604000056,27.215683794000043],[62.92090807800008,27.224467773000097],[62.94926406600006,27.210651614000067],[63.01503818500004,27.224050478000034],[63.03989575600008,27.237383528000077],[63.05691177700004,27.235355695000077],[63.08452030400008,27.245359565000072],[63.09044695800003,27.23758185300007],[63.12087543100006,27.237831342000064],[63.13254183500004,27.2464739370001],[63.144324932000075,27.242697311000036],[63.19516080600005,27.259237425000038],[63.20480265700007,27.240075557000093],[63.22324391800004,27.22579158700007],[63.257521241000056,27.224348154000044],[63.28113359000008,27.21174504400007],[63.332780720000066,27.117725538000062],[63.307007733000034,27.129302330000048],[63.29667965700002,27.1159731540001],[63.27987807400007,27.12036729000007],[63.26286232100006,27.105617428000087],[63.26155950300006,27.093461686000083],[63.24860480700005,27.089754481000085],[63.252747440000064,26.902252521000058],[63.240144341000075,26.896690284000034],[63.24175512700003,26.885773824000104],[63.23514189200005,26.87887084900007],[63.24601108000007,26.862809064000082],[63.24182765600006,26.841573908000072],[63.18476690600005,26.830483727000075],[63.193498816000044,26.810060947000082],[63.187088584000044,26.794879212000087],[63.19700331900004,26.774511672000102],[63.206656931000055,26.769773714000074],[63.189495610000044,26.76960995600009],[63.20062521400008,26.753711025000033],[63.19490061400006,26.737874626000067],[63.20290077400006,26.71706280100008],[63.20087028000006,26.709040930000096],[63.19137221500006,26.708293577000067],[63.18794522100007,26.693519688000055],[63.201015924000046,26.6732216820001],[63.19087947900005,26.664199585000073],[63.19564476600004,26.646034640000043],[63.10740938600003,26.651448052000056],[63.08875742300006,26.63951006400004],[63.06289308600003,26.64016525400009],[63.04704011600007,26.626948945000052],[63.01458475300007,26.646121571000045],[62.99895598000007,26.639283057000103],[62.98716297200008,26.649774802000046],[62.97801610200009,26.645340778000048],[62.96462418800007,26.65034597800009],[62.932027967000074,26.63798166600004],[62.91987594900007,26.644668223000053],[62.89690529300003,26.63975359300004],[62.89031697600007,26.646441545000066],[62.86458331600006,26.640160700000024],[62.83081130300008,26.644509236000022],[62.824917568000046,26.63737466200006],[62.81209057600006,26.64762283400007],[62.79320961300005,26.65042147700007],[62.77756973500005,26.638647444000082],[62.75582651000007,26.645043813000047],[62.73260348900004,26.63051541000007],[62.737622243000025,26.612391592000066],[62.72723862800006,26.618966539000063],[62.71096887400006,26.608707600000095],[62.69683259800008,26.60924131200007],[62.688175941000054,26.599865627000053],[62.675481786000034,26.610807271000063],[62.649232273000045,26.610760991000085],[62.64729825700005,26.600257005000092],[62.604085100000084,26.57547939100005],[62.555011684000085,26.576718941000042],[62.524362027000045,26.569383466000037],[62.50938337000008,26.578416182000087],[62.48451891300005,26.565115382000062],[62.44376453100006,26.56671457900007],[62.423281172000024,26.550601026000045],[62.420972434000085,26.532764130000054],[62.40078962900003,26.53793802100007],[62.38945809200004,26.531395293000077],[62.37059162300005,26.539601442000063],[62.34116964400004,26.522332426000073],[62.312293670000024,26.521279606000068],[62.29947557200006,26.49391313400002],[62.31528892200004,26.48424794100004],[62.307459361000035,26.46209080300004],[62.29819159800007,26.461923744000053],[62.298355454000045,26.452724410000034],[62.28534740700008,26.43961517300006],[62.25813318200006,26.445197054000054],[62.26499686600005,26.43716936700003],[62.25966117800005,26.408587355000087],[62.28607828800006,26.380064236000084],[62.255294280000044,26.365959437000093],[62.25037604500006,26.341816763000068],[62.27363789000004,26.32736328700004],[62.24772269600004,26.318876534000054],[62.22978526700007,26.330565203000067],[62.23561236000006,26.315051623000052],[62.21941242400004,26.292369964000045],[62.22411194900008,26.280744672000047],[62.213181055000064,26.26554429400006],[62.16420595900007,26.264691335000073],[62.12750924100004,26.272766665000066],[62.09819560700004,26.284611022000036],[62.09678209400005,26.308271536000074],[62.07375708200004,26.32626221100003],[62.034960651000056,26.333049487000054],[62.028778199000044,26.331316885000042],[62.02929439800005,26.312599647000088],[62.020699257000054,26.30225381300006],[62.01279043800009,26.30122197800006],[62.000476321000065,26.282188852000054],[61.96977954200008,26.272388051000082],[61.96222536500006,26.258603465000085],[61.95320911600004,26.266257076000063],[61.91621985200004,26.250166116000063],[61.898752169622284,26.261271108317054],[61.89054326100006,26.24867939300003],[61.89301421300007,26.23378181700008],[61.85878397300007,26.16983984200005],[61.84197582700006,26.065603918000097],[61.833085778000054,26.058583727000055],[61.83922149300008,26.03457578200007],[61.83155086000004,26.028292200000077],[61.84363593600006,26.01032222700008],[61.83315227600008,25.994346087000082],[61.83463504700006,25.98161483000006],[61.820523421000075,25.971886112000053],[61.83116998500004,25.91048166200006],[61.85424472100005,25.915071179000048],[61.86601707300009,25.909507481000055],[61.87481134300003,25.892271150000074],[61.89272382900003,25.889440436000047],[61.88942689900005,25.88131184500003],[61.84355050700003,25.87689532500011],[61.844655645000046,25.86640638600006],[61.83627740700007,25.865577281000075],[61.832706915000074,25.853603147000076],[61.822199182000084,25.84838352500004],[61.82242965200002,25.839654449000033],[61.843430814000044,25.83781740500007],[61.83832525000008,25.826316621000057],[61.84926372800005,25.818982235000107],[61.843896111000056,25.799366194000093],[61.83518115500004,25.797170497000035],[61.84222282600007,25.77159542900006],[61.838462165000074,25.740455132000037],[61.808899876000055,25.735536165000052],[61.79740092900005,25.71526574200005],[61.77791017100003,25.721469156000076],[61.778276150000075,25.727518625000105],[61.73441713900007,25.738192333000043],[61.72547337600009,25.725690377000035],[61.72911455400003,25.712754161000092],[61.714071782000076,25.705800330000073],[61.70757954300007,25.692315154000042],[61.692448547999994,25.693792704000014],[61.69678283200005,25.667414340000057],[61.68078789000004,25.659872599000032],[61.67447824600003,25.64836294800004],[61.65074142500004,25.31004979300009],[61.61303500300005,25.176734922000055],[61.585958137000034,25.177025988000054],[61.584635895000076,25.189956275000057],[61.6036806244864,25.19297783076003],[61.57883394225986,25.235265004686884],[61.55694757500004,25.226002496000042],[61.565287789000024,25.212620859000022],[61.54841896300007,25.207303725000028],[61.56075907200006,25.18510197900003],[61.53049167400007,25.189196412000065],[61.495126293000055,25.170041433000062],[61.49976487699999,25.180580059000086],[61.49577292994996,25.180661990653],[61.48942487601477,25.164951431928326],[61.49998322299999,25.16510225200006],[61.49798132600006,25.147881969000043],[61.48485238500007,25.139921968000067],[61.46305081100007,25.098337969000077],[61.42909978800004,25.08158805800003],[61.413629176000036,25.06349017000004],[61.218234998999755,25.108480461000084],[61.20961149300007,25.11955281400004],[61.18708051208493,25.12453514327019],[61.181427463999725,25.155719869000052],[61.16991765699968,25.17048076900007],[60.77032010999854,25.264320318999992],[60.60572359100008,25.283410369000038],[60.60420337100004,25.288606391000044],[60.613869835997605,25.292244712999956],[60.611696043997576,25.33357764099994],[60.59444674399743,25.347752436999958],[60.60860056999757,25.377702143000015],[60.609137320000066,25.405674179000098],[60.59797716749133,25.426678132133617],[60.54020249199697,25.442689141999978],[60.47230579300004,25.43377980200008],[60.41930044800006,25.39600519400006],[60.40948788210632,25.369822688283644],[60.41365851466819,25.36481618171727],[60.40540657330245,25.360475166923514],[60.409967746000056,25.34052686600006],[60.45401092400005,25.3291674430001],[60.44749425343383,25.315544370807437],[60.47408496153936,25.294963251599004],[60.46381785700004,25.287898717000086],[60.43112182900006,25.301175794000084],[60.42639695399587,25.314163625999885],[60.391527720000056,25.31609780100008],[60.33936573300008,25.33169614300006],[60.31400249400008,25.329267316000028],[60.29876773900002,25.353003452000074],[60.31236487599436,25.357759295999795],[60.31128470295408,25.37262973078283],[60.29519348400003,25.383739490000053],[60.268926034153885,25.388983896963857],[60.21052965200005,25.37432058700007],[60.195665940000076,25.361120811000045],[60.19196959622499,25.34732199083996],[60.20887245200004,25.32732910400008],[60.19754865900631,25.32539260721758],[60.11227259192541,25.34901744548268],[60.108565546990526,25.35684946999957],[60.117345664990744,25.36274714299959],[60.1110167905004,25.37326127215267],[60.09590528999022,25.377876356999565],[60.06814748000006,25.381881429000046],[59.973241365000035,25.37399314500005],[59.911744396000074,25.359985364000096],[59.89767387400008,25.350467017000046],[59.901842201000086,25.34199118500005],[59.886584132000046,25.341601456000046],[59.89070014922741,25.351534297834583],[59.847779802565306,25.373230127254526],[59.85325634898266,25.38594565799908],[59.84010720100009,25.39790922200007],[59.79565013973554,25.404990008282944]]]}},{"type":"Feature","id":"10","properties":{"ostan":"10","province_name":"اصفهان"},"geometry":{"type":"Polygon","coordinates":[[[51.02631413418387,32.35391267826103],[50.97109221200003,32.39014703500004],[50.96711757800006,32.4070744250001],[50.97201524500008,32.4426642660001],[51.00564429600007,32.505179214000094],[50.99758932000003,32.550483970000116],[50.96173292200007,32.567460627000095],[50.92584988800007,32.60038011700006],[50.91627710900008,32.661406054000054],[50.875280677000035,32.69856038800004],[50.826069251000035,32.70945980600007],[50.775326318000054,32.69375066500005],[50.74208617700003,32.70395236900005],[50.711758849000034,32.70037798300008],[50.67268301000007,32.707794512000085],[50.64276228600005,32.705309533000055],[50.609011543000065,32.68632061400008],[50.578598991000035,32.69393204000005],[50.56603551800004,32.685874203000054],[50.56305883500005,32.69270328500007],[50.55414461200007,32.686682082000075],[50.54800096200006,32.69048158400008],[50.553645320000044,32.696296434000054],[50.54806618900006,32.71363729000009],[50.53735829400006,32.711492784000036],[50.50344822200004,32.68779573400008],[50.478356785000074,32.69139590700008],[50.466884503000074,32.675366291000046],[50.46502597489907,32.66394686045769],[50.50467344400005,32.642406060000056],[50.49430458000006,32.59279515800008],[50.435527086000036,32.57562220100007],[50.400913427000035,32.548252976000114],[50.361015001000055,32.54752431100009],[50.34318697100008,32.53149721700004],[50.32515755800006,32.52788816800008],[50.259304780000036,32.564989627000074],[50.21074304600006,32.62275068000004],[50.157099118000076,32.66448634000006],[50.12903929800007,32.66033325000007],[50.04981562300003,32.62353937800005],[50.02311323600003,32.621720273000065],[49.90204695600005,32.68064759000004],[49.898222357000066,32.69516578200007],[49.85076913700004,32.714550232000065],[49.79866207900006,32.7587803690001],[49.76670664400007,32.762641577000096],[49.75459986700008,32.776078621000075],[49.758195267000076,32.81065336300004],[49.72112962700004,32.857757584000105],[49.65544878900005,32.921535853000094],[49.62876164000005,32.97310512800005],[49.63380031300005,32.992723327000085],[49.65766719700008,33.02265140800007],[49.66226547200006,33.05023467700006],[49.71188977300005,33.08093354900008],[49.81336795900006,33.05139862500006],[49.84391737700003,33.05715362700006],[49.87950951500005,33.05082623300008],[49.91964277999291,33.06293696452305],[49.918252790000054,33.098537018000066],[49.88653999200005,33.126222783000095],[49.862297975000054,33.165184244000045],[49.85999554800003,33.18134399800007],[50.00004322700005,33.30532533200007],[50.03767094500006,33.3622010600001],[50.038228633000074,33.374034244000036],[49.983269508000035,33.37434258000012],[49.951775388000044,33.38679771700002],[49.97414022600003,33.43675709900007],[49.97052622400008,33.47397846000009],[49.99478568400008,33.49761153000004],[50.111294884000074,33.49714687000006],[50.19040163100004,33.53473794200006],[50.22917677300006,33.58734127300006],[50.26021123400005,33.60384775700007],[50.36141378500009,33.62060741400006],[50.44746339300008,33.654581155000095],[50.46646115600004,33.65874562500006],[50.57480276700005,33.639267540000056],[50.585532588000035,33.671506123000036],[50.70306739900008,33.72555440100009],[50.75437142200008,33.72677421400006],[50.809198269000035,33.74463457700006],[50.97314873700003,33.74745556300009],[50.97672382300005,33.78315109200004],[51.00861217900007,33.78335642400004],[51.04405936500007,33.810919035000076],[51.04795253000004,33.82427950800008],[51.039555763000074,33.846543735000104],[51.05173860300005,33.86063014400004],[51.05299076500006,33.87569434300009],[51.02870012000006,33.95534402000008],[51.045877896000036,33.97671602800008],[51.058436046000054,34.02295576000006],[51.02365471100006,34.03463233500005],[51.024689677000026,34.067551233000074],[50.98260608700008,34.0753741350001],[50.96957350800005,34.10204562800007],[50.93474011900003,34.112749334000064],[50.92830911200008,34.15939563300006],[50.955401315000074,34.16021338200006],[50.97690417300004,34.17737508000007],[50.980435905000036,34.19942627600007],[50.99758959800005,34.22763124900008],[50.99805825700008,34.24559203100005],[51.03616471000004,34.29939767200007],[51.032351866000056,34.31380574200008],[51.01240287300004,34.33177412900005],[51.01820519200004,34.36123880400004],[51.03135006200006,34.380731612000055],[51.06857636700005,34.39881623000011],[51.086743416000054,34.41594175500008],[51.144272501000046,34.41852753800003],[51.25100692500007,34.44963938400011],[51.289392261000046,34.45368038700008],[51.39423402500006,34.41748806500004],[51.34785006200008,34.39189740700008],[51.345007758000065,34.37675922800003],[51.353866992000064,34.369341175000045],[51.51257771300005,34.353168817000046],[51.82075859500003,34.51682361600008],[52.18843098000008,34.38658936900005],[52.22557313200008,34.38611076600007],[52.46938699700007,34.420453768000094],[52.52286752100008,34.41220330600006],[52.652850536000074,34.37765928400006],[52.84128650900004,34.280658052000064],[52.894292133614414,34.26513236619169],[53.30267617700008,34.24636757900006],[54.00001646600004,34.247676482000024],[54.24971467928221,34.23424643093139],[55.50070991200005,34.23920991000006],[55.50036961600006,33.99990747600005],[55.555984217000066,33.71204467800006],[55.55999835800003,33.63232247900005],[55.532803072000036,33.544116512000095],[55.505505191000054,33.530870955000076],[55.473605828000075,33.49081646100009],[55.391338149000035,33.36458544500006],[55.36446966500006,33.35430328000006],[55.29172947600006,33.35424260200009],[55.219278907000046,33.32406162500006],[55.10133443700005,33.23694491100003],[55.00300585800005,33.13641173900006],[54.91450993400009,33.18415739000007],[54.83982118100005,33.188595832000026],[54.79981083600006,33.16617849000006],[54.800060803000065,33.15413439100009],[54.78824641400007,33.14827009500006],[54.78439408600008,33.12061947600008],[54.76247696100007,33.078790288000064],[54.56914130800005,33.104756790000074],[54.47376729900003,33.106359823000055],[54.37287781200008,33.08026437200006],[54.31534802600004,33.04974432600006],[54.29180837800004,32.98645287700003],[54.26940257500007,32.95485411000005],[54.19269644000008,32.902196393000075],[54.11691059200007,32.870789596000066],[54.12113507200007,32.85996801700006],[53.79954484400008,32.74208767500007],[53.6826606969823,32.7086663942249],[53.686010545000045,32.70408373200008],[53.458237077000035,32.60434464400006],[53.44983150200005,32.60221851100006],[53.323944407000056,32.65003211100005],[53.29461217800008,32.65332244500008],[53.17908390700006,32.611819761000056],[53.04424170100003,32.533998781000044],[52.98905641246974,32.541350380314434],[53.023173032000045,32.48184590500006],[53.02934221700008,32.321142042000105],[53.025201690000074,32.27479829100004],[53.043914047000044,32.047499556000055],[53.00050209200003,31.867071870000096],[53.007430501000044,31.832523429000055],[53.04236162300003,31.74438269800005],[53.142620726000075,31.66284229000009],[53.196541456000034,31.59450051600005],[53.069951023000044,31.52374212800004],[52.999990463000074,31.498651505000065],[52.81788422200003,31.48450054100007],[52.579484722000075,31.48881285900007],[52.51053322000007,31.498273971000067],[52.49747590900006,31.513291974000047],[52.45952015200004,31.53328175000008],[52.401979115000074,31.554496324000073],[52.37141825000003,31.546704051000084],[52.35422277100008,31.562764826000052],[52.321491371000036,31.5567406110001],[52.27945183400004,31.56691818300007],[52.269726251000066,31.57350382500007],[52.26472251500008,31.5981162080001],[52.25776157300004,31.598151519000073],[52.255879348000065,31.618558213000032],[52.20682451400006,31.66595387700007],[52.20378637721208,31.700617849996256],[52.164664178347984,31.701108152405958],[52.10176384400007,31.610544921000052],[52.07462055900004,31.603633323000068],[52.051309217303036,31.579085228229214],[52.05414297400006,31.56958983700004],[52.01930732300008,31.57036954600007],[52.006560654000054,31.521116096000092],[51.98484076200003,31.51158044700002],[51.92535241600007,31.427188160000085],[51.96904552500007,31.31389482500004],[51.97102393000006,31.140762187000078],[51.88920464021914,31.037015552675108],[51.90031013500004,30.997134844000072],[51.89513033600008,30.980610092000084],[51.83828770800005,30.897401516000077],[51.840600377000044,30.872133603000083],[51.87528169800004,30.809239382000033],[51.87569077900008,30.77026396800004],[51.860892797000076,30.744751048000058],[51.81033817600007,30.713782026000057],[51.783744633000026,30.70989386400006],[51.75004361100008,30.7179747320001],[51.59461416600004,30.82875459700007],[51.50334377400003,30.88384153900007],[51.37766045300003,30.99653041200004],[51.34210073500003,31.06264067900003],[51.327100932000064,31.121260572000057],[51.33845564400008,31.28406432700009],[51.30520618300005,31.340104218000096],[51.29456055300005,31.372996473000054],[51.31682229200004,31.384880412000054],[51.31757328100008,31.392396649000034],[51.30386639400007,31.421248035000087],[51.28926873700004,31.421882352000075],[51.286611908000054,31.451816777000044],[51.258181402000055,31.45895089300007],[51.275174520000064,31.49202376900005],[51.26375668700007,31.518581593000093],[51.289914743000054,31.56706330000006],[51.292717898000035,31.637670135000064],[51.30704280400005,31.68996769300002],[51.36213900800004,31.704328552000067],[51.36732125100008,31.713376474000057],[51.30278096600006,31.77324770800004],[51.29018494300004,31.80558277300003],[51.299393688000066,31.825725666000036],[51.33069072300003,31.843786763000043],[51.398781825106,31.84561257203305],[51.42847802400007,31.881599085000065],[51.43922095200003,31.929299185000055],[51.41765743700007,31.951369299000074],[51.429238874000085,31.98907540100006],[51.38444045700004,32.08951967600007],[51.36106977400004,32.10631738300006],[51.359054737000065,32.118113663000045],[51.333140567000044,32.13967836700006],[51.231190920000074,32.17569414300005],[51.193154793000076,32.22034900000006],[51.17456809600003,32.221196900000066],[51.161775661000036,32.263335170000104],[51.14600878600004,32.28148421400006],[51.07227800600003,32.33125592400008],[51.025427439000055,32.34790983600004],[51.02631413418387,32.35391267826103]]]}},{"type":"Feature","id":"20","properties":{"ostan":"20","province_name":"سمنان"},"geometry":{"type":"Polygon","coordinates":[[[52.66179054300005,35.53533577800007],[52.71632839600005,35.55552824300004],[52.77883085800005,35.541083884000074],[52.80525950300006,35.5493561150001],[52.90163559400003,35.65227019100007],[52.98778955700004,35.67260434600008],[53.001894983000064,35.683310191000054],[53.014877038000066,35.710819351000055],[53.08645713400006,35.735281767000075],[53.11405040200003,35.77871332700006],[53.151198400000055,35.79623670800005],[53.15421847400006,35.81224921800006],[53.14630864000003,35.821035821000095],[53.04411057900006,35.822605006000074],[53.00493391700008,35.84455704100002],[53.04741673800004,35.86717083700006],[53.04351405300008,35.891461031000084],[53.05896896100007,35.910160721000096],[53.111196454000044,35.920250707000065],[53.23214800300008,35.91246662400007],[53.238546384000074,35.92875726000007],[53.217672452000045,35.965872020000056],[53.222788999000045,35.97704464400005],[53.29096641700005,36.007956362000094],[53.35350745300008,36.04870968000008],[53.41671163400008,36.073752621000054],[53.50852115200007,36.07367682600005],[53.55971844100003,36.08637013800006],[53.643331405000026,36.09003817800007],[53.676930878000064,36.11428644900008],[53.78583527900008,36.14922155100005],[53.85410376000005,36.209867181000085],[53.93489139300005,36.248326009000046],[53.94968877000008,36.261779307000076],[53.94765892400006,36.267593120000086],[53.96851343700007,36.2818577780001],[53.96759107100007,36.30126178100008],[53.956452357000046,36.320682019000074],[53.88263900800007,36.36328852200009],[53.928440729000044,36.42027028100008],[53.95245050600005,36.437481758000075],[54.05451891800004,36.46164473400006],[54.119367073000035,36.49802054300008],[54.20098186100006,36.51310593800004],[54.24833298300007,36.507488426000066],[54.31620040000007,36.50997275000005],[54.37943099300003,36.522733508000044],[54.448230272000046,36.51577973600008],[54.550602912000045,36.520661157000085],[54.56742447400006,36.52837696300006],[54.57374241600007,36.57317076300008],[54.620222252000076,36.57865113900006],[54.655125704000056,36.62413114300007],[54.71029480900006,36.6323740220001],[54.74958207800006,36.60514270700005],[54.82395767000003,36.61160262700004],[54.85094655900008,36.63685087000006],[54.91107623400007,36.664988576000056],[54.93267629500008,36.69380698500006],[54.96025569500006,36.71165002900007],[54.970129554000046,36.731596903000046],[54.98942027000004,36.7396279270001],[55.01202539600008,36.765978747000084],[55.04407362200004,36.773812884000066],[55.26137484000003,36.79155673100009],[55.270362344000034,36.79372995500006],[55.26911326600003,36.801940025000086],[55.28618624600006,36.815612728000076],[55.37170747900007,36.81920235400004],[55.43935418800004,36.84351768700004],[55.47641531100004,36.888342693000034],[55.575074990000076,36.93670286900006],[55.601196291000065,37.00883646400008],[55.58876469300003,37.01948257500005],[55.58830327600003,37.04658841000007],[55.605049618000066,37.05426846100006],[55.60139866800006,37.068740351000045],[55.63609750999999,37.10228559900005],[55.62373420500006,37.10710207600004],[55.666260906000055,37.14588952700008],[55.67588497500003,37.16374307500009],[55.72027426000005,37.19894266900009],[55.741771952000086,37.29012108300004],[55.77652891200006,37.28748324100009],[55.82223691400003,37.326545725000095],[55.90334120400007,37.32622499000011],[55.92000636500007,37.3090334070001],[55.911763191000034,37.27205792100007],[55.911243840000054,37.22025736700005],[55.91905290900007,37.18647953100002],[56.00074703100006,37.17392589700007],[56.01903803400006,37.150586469000096],[56.02141230000007,37.12791596400008],[56.01124803600004,37.07065188300004],[56.036433989000045,37.02887871500008],[56.03695193400006,37.00387794200006],[56.02776316900008,36.996438531000045],[56.00111299800005,36.92372578800009],[56.004824851000095,36.87437832200004],[56.023633680000046,36.877138297000066],[56.04838946400008,36.86691861900008],[56.11427283000006,36.85675491700004],[56.26108774700004,36.78461148000003],[56.327579615000055,36.74356102900005],[56.38013647500003,36.67699619800006],[56.47389811700003,36.689774726000074],[56.50170563200004,36.65237102400006],[56.588691046000065,36.66533548100008],[56.622351784000045,36.660653701000065],[56.66006407300006,36.67989467700006],[56.681014814000044,36.66772524000007],[56.75191654400004,36.68662148500005],[56.763341499000035,36.681561830000106],[56.77251185100005,36.68834602800007],[56.78382736900005,36.67818588200004],[56.754905327000074,36.65885806300005],[56.75531602800004,36.60657202000006],[56.78828225900003,36.59083818000005],[56.83526011300006,36.592566626000064],[56.860785098000065,36.56968514800007],[56.86821704400006,36.54359569900005],[56.85739366300004,36.50898003500004],[56.75386903100008,36.40035533500005],[56.73172057600004,36.39270372400009],[56.72962776900005,36.381402797000085],[56.73133930200004,36.29791727600009],[56.761314722000066,36.254780833000055],[56.770626406000076,36.20964050100002],[56.77161438400003,36.17544384400004],[56.75430765000007,36.15984579100009],[56.75699668400006,36.14369565500006],[56.74824382600008,36.11351975600007],[56.74451677900004,36.00779004800006],[56.75477596800005,35.992079052000086],[56.76144561800004,35.957791290000074],[56.75379191500008,35.854000986000074],[56.85220111700005,35.789779884000055],[56.90863021000007,35.743152029000065],[56.91960073000007,35.72143948700007],[56.93579707300006,35.712279572000064],[56.94996779100007,35.69217298300005],[56.965670930000044,35.63367299200008],[56.98787322100003,35.60345390700007],[56.98534216100006,35.58498546900007],[57.03033749000008,35.568314490000056],[57.04975422600006,35.542726771000055],[57.05101084800003,35.533282728000096],[57.04050041400007,35.52588823000009],[57.030468866000035,35.50026414500009],[56.98580161600007,35.453641627000025],[56.97799795200007,35.429700838000045],[56.992972380000026,35.42320916700006],[57.01535801000006,35.377602087000085],[57.04025356000005,35.35195141000005],[57.048542645000055,35.326248934000056],[57.025412592000066,35.24571017800003],[56.995461574000046,35.208856856000075],[56.94252149200008,35.220325212000056],[56.88876337000005,35.20071765500008],[56.84114019900005,35.19465617700009],[56.806632378000074,35.160752117000094],[56.77704489600006,35.14918803100007],[56.761117771000045,35.128678532000066],[56.70185060500006,35.10752000200008],[56.67334269200006,35.05979618200009],[56.645456169000056,35.06649598200007],[56.530033219000074,35.05315180500003],[56.472210835000055,35.01334708500007],[56.24749112900008,34.812541032000084],[56.18982006900006,34.748639489000034],[56.145476096000046,34.67798310200005],[56.09198846600003,34.562679159000055],[56.04878933100008,34.49968560400004],[55.99244950500008,34.343837540000045],[55.93694722200007,34.273740411000084],[55.88092592200008,34.24263896000009],[54.24971467900008,34.23424643100006],[54.00001646600004,34.247676482000024],[53.30267617700008,34.24636757900006],[52.89429213400007,34.26513236600007],[52.84128650900004,34.280658052000064],[52.652850536000074,34.37765928400006],[52.52286752100008,34.41220330600006],[52.46938699700007,34.420453768000094],[52.22557313200008,34.38611076600007],[52.18843098000008,34.38658936900005],[51.82075859500003,34.51682361600008],[51.930724517000044,34.743859815000064],[51.96122770100004,34.86135649100006],[52.00157074400005,34.91856467900005],[52.03685029500008,35.00301923900003],[52.046985532000065,35.06278362600008],[52.04045198600005,35.09192908300004],[51.96119625700004,35.14929388800006],[51.87323184500008,35.277186866000065],[51.90481568900003,35.31980094500006],[51.90057494700005,35.328145749000065],[51.92515515700006,35.3655794100001],[51.92177835200005,35.402884126000096],[51.91260998800004,35.41743407700007],[51.92568949700007,35.47543430600007],[51.92101083000006,35.509966324000075],[51.92962403300004,35.55858378200003],[51.957957055000065,35.578023028000075],[51.98573672500004,35.57552556000007],[52.009007145000055,35.54962297400008],[51.998720244000026,35.509713950000055],[52.03324657200005,35.464199606000115],[52.07767788700006,35.44385369400006],[52.16325814100003,35.45515166900004],[52.25686061200008,35.44052631500008],[52.28557301200004,35.42139154200005],[52.36019958700007,35.34746291700005],[52.379089313000065,35.3374618330001],[52.42186873500003,35.36607646800009],[52.51897142900003,35.39288203300007],[52.55950288500003,35.412203954000084],[52.58371625900003,35.43379722200007],[52.66179054300005,35.53533577800007]]]}},{"type":"Feature","id":"13","properties":{"ostan":"13","province_name":"همدان"},"geometry":{"type":"Polygon","coordinates":[[[48.346663842000055,34.06252266300005],[48.31029620600003,34.05425248700005],[48.28157801400005,34.071657096000045],[48.20892331200008,34.092246507000034],[48.09586987000006,34.15440612700008],[48.05206930800006,34.215696507000104],[48.016100219000066,34.22520376000008],[47.97889729700007,34.24779820200008],[47.930110237000065,34.24321620600006],[47.90476279500007,34.273660981000035],[47.91545072000008,34.29654446700006],[47.94052280200003,34.298030450000084],[47.947673749000046,34.30677657700008],[47.94221955800003,34.345298069000094],[47.98781925000003,34.361786795000064],[47.97868188700005,34.40307456200001],[48.000042748000055,34.40827120800004],[48.00962610800008,34.398261729000076],[48.04099616800005,34.38825710400007],[48.092724098000076,34.422450801000046],[48.099166911000054,34.43405202300006],[48.09855277400004,34.50789639300007],[48.080717414000055,34.53096692800007],[48.090378172000044,34.54783652400004],[48.084388208000064,34.555558612000034],[48.087420638000026,34.56506878500007],[48.06328467000003,34.611988729000096],[48.04578261800003,34.62789101300007],[48.000141463000034,34.59481260300006],[47.96854873400008,34.59620967000009],[47.934053265000045,34.61943312800005],[47.86166182300008,34.63160755900004],[47.828374007000036,34.67579019700005],[47.84499716900007,34.68376948400005],[47.867891463000035,34.72824124600004],[47.84807289400004,34.766350229000075],[47.79221686200003,34.83776384300009],[47.79101970100004,34.85326687300008],[47.816071235000045,34.85984686000008],[47.84512770400005,34.855822428000096],[47.86534166300004,34.86467359700005],[47.895322659000044,34.90084883500006],[47.906555867000066,34.93048862000007],[47.941525001000066,34.970455419000096],[47.97661424000007,34.96200909400007],[48.00011308000006,34.9642524540001],[48.02883564000007,34.994063154000074],[48.040951532000065,34.995731515000074],[48.06632848700008,34.98803320000009],[48.06814583100004,34.961131474000084],[48.076335432000064,34.95267840900004],[48.09202253900003,34.95102501100007],[48.11060321700006,34.95911919300007],[48.177620380000064,35.0269940040001],[48.19376382900004,35.067918892000094],[48.19210486800006,35.08414104600009],[48.166109007000045,35.116364976000064],[48.160686740000074,35.13534147100008],[48.16847288100007,35.16008877700007],[48.16079257900003,35.20470108700009],[48.10842145000004,35.24956344300007],[48.08747313400005,35.27955887200007],[48.001760850000046,35.30937943100004],[47.932782176000046,35.382507034000085],[47.88761198000003,35.444554351000086],[47.906431773000065,35.47253858300007],[47.89624573200007,35.48899026800007],[47.88186669300006,35.49448397500006],[47.873818870000036,35.523551936000054],[47.87291483800004,35.5439232140001],[47.88339530500008,35.566033793000045],[47.93341854800008,35.57254090400007],[47.97183165900003,35.59770655100005],[47.97322173400005,35.65705157600009],[48.09719690800006,35.64434644100006],[48.135244502000035,35.66796416400008],[48.17521303500007,35.66925893700005],[48.26514531300006,35.69684245000008],[48.32435013000003,35.6639776580001],[48.41471514800003,35.6280759740001],[48.45639249200008,35.62318825900011],[48.496127810000075,35.59886398100009],[48.538073997000026,35.584970188000085],[48.57933544400004,35.58425872300005],[48.617878516000076,35.60157284300006],[48.66057933500008,35.599348997000064],[48.717709771000045,35.64230526100007],[48.73704700800005,35.64762665700007],[48.74713097500006,35.67613588100007],[48.73301661800008,35.72961395100003],[48.74951975700003,35.72689404300011],[48.77797398300004,35.74278915300006],[48.81027216000007,35.71328758100005],[48.90647901900007,35.691934620000055],[48.99355817900005,35.64281294000007],[49.01072474800003,35.62425699100005],[49.030766656000026,35.62714432300005],[49.05591759600003,35.60153163400005],[49.08875500700003,35.593736328000055],[49.09905196800003,35.57297553000007],[49.13107437600007,35.561276452000094],[49.13629185900004,35.54241964500007],[49.13254591300006,35.51621305700009],[49.14478765200005,35.49798798400008],[49.22334382100007,35.47418452200005],[49.38792573200004,35.44609522400006],[49.40971862500004,35.422285501000054],[49.456102335000026,35.40088912100005],[49.454833492000034,35.39065352500006],[49.42120422000005,35.361420093000056],[49.39755653600008,35.322095352000105],[49.37297152200006,35.296878930000055],[49.368318395000074,35.26113846200008],[49.37442838800007,35.232466302000056],[49.455727298000056,35.18983554700004],[49.475781663000085,35.16990714000008],[49.48121131400006,35.14484739600006],[49.38793330100003,35.051049438000085],[49.35899266300004,35.05529313700004],[49.30341154400003,35.09173052100007],[49.27276433800006,35.07805296000004],[49.25978733000005,35.040857386000056],[49.26256240300006,35.03031468000006],[49.27810280700004,35.02427013400009],[49.34869941800009,35.02055898900006],[49.42572559300004,34.991938483000084],[49.45883788800006,34.97090120900005],[49.39804979700006,34.91453671100006],[49.30874132300005,34.921607868000045],[49.28169342400008,34.90227021300007],[49.20762280693631,34.86882856297671],[49.21084228800004,34.86008220400004],[49.16261598500006,34.82209954200005],[49.11525894400006,34.74921712300006],[49.10733124500007,34.72086414900009],[49.13340797500007,34.65429600300006],[49.129651925000076,34.60643374300003],[49.09975599100006,34.58155332900006],[49.05018222800004,34.59246648400006],[49.031561905000046,34.586531011000034],[49.04549567200007,34.49775988800008],[49.02175703000006,34.48322219300012],[48.99116910300006,34.435860722000044],[48.947810141000055,34.39937590900008],[48.955482259000064,34.387866690000074],[48.983670939000035,34.38711438700007],[49.002394182000046,34.369941897000075],[49.013547946000074,34.317834732000065],[49.02772837100009,34.299485510000096],[49.088928483000075,34.26997524200005],[49.11527519500004,34.249798162000076],[49.12304601300008,34.199691719000064],[49.10456831091577,34.17765349515992],[49.10565397600005,34.14418029800005],[49.13972148600004,34.12176679200008],[49.149465932000055,34.10469836000007],[49.13576585900006,34.05454365100009],[49.111649329000045,34.035472779000045],[49.107022286000074,34.01843593800007],[49.06168339900006,34.00497294400002],[49.03705579500007,34.01918419100009],[48.956216459000075,34.01115776100008],[48.922909994000065,34.02502915600008],[48.91494943100008,34.023886928000024],[48.904271399000045,34.00755392200006],[48.85998819900004,34.00355870900008],[48.84815913700004,34.01101629400007],[48.84027217400006,34.03806941900009],[48.76494675600003,34.072627847000035],[48.75110415800003,34.10567422300008],[48.72884927200005,34.1205288300001],[48.70142954700003,34.08641786300006],[48.654460061000066,34.08233785100002],[48.611134537000055,34.095001726000085],[48.57111294400005,34.07000542700006],[48.543237340000076,34.11419966200005],[48.51718541200006,34.10932771400009],[48.51189329600004,34.10210501400008],[48.518178359000046,34.05146068100004],[48.490563671000075,34.01309974100008],[48.47471964500005,34.004773910000054],[48.38506009900004,33.99813252800006],[48.32656527200004,34.009342433000036],[48.35288329600007,34.01820760500006],[48.35619436700006,34.05472372200008],[48.346663842000055,34.06252266300005]]]}},{"type":"Feature","id":"12","properties":{"ostan":"12","province_name":"کردستان"},"geometry":{"type":"Polygon","coordinates":[[[46.500591221000036,35.04524422100009],[46.463424932000066,35.05058066800007],[46.44836145200003,35.08882850700009],[46.40923841390818,35.12603346454748],[46.37232473800003,35.13508844300006],[46.34198876200003,35.165767920000086],[46.24995090700003,35.21224734400007],[46.16006941000006,35.28104491600006],[46.13629893800004,35.324742995000086],[46.11371993600005,35.34617764900003],[46.07158875500005,35.36808514700005],[46.05175099200005,35.38913234700006],[45.99944532300003,35.47580645900008],[45.99716454600008,35.49963728200006],[45.982146070000056,35.50046600200009],[45.99388070800006,35.51678396000007],[46.017795179000075,35.51943591200007],[45.99581832200005,35.535931933000036],[45.972792672000026,35.581121897000095],[45.97894563800003,35.588825960000094],[46.01326179200004,35.572426021000076],[46.014856321000025,35.623236297000105],[46.00023391900004,35.64284453400009],[46.01518128200007,35.660282658000035],[46.00920255400007,35.67817330500006],[46.025122907000025,35.68643490500008],[46.03030499200003,35.698821385000066],[46.05934287700006,35.70042658900009],[46.070773416000065,35.69228100600003],[46.104959689000054,35.68790813400006],[46.138762555000035,35.6977494320001],[46.16567594800006,35.689122863000115],[46.17299168000005,35.70712169300004],[46.20194683300008,35.72314319500005],[46.23792195800007,35.711046774000074],[46.25630043100006,35.72585309300007],[46.27838879600006,35.73005690300004],[46.28177042100003,35.74386665600007],[46.30525337300003,35.75890679600009],[46.329685260000076,35.761636822000085],[46.34648260000006,35.789900553000074],[46.34344247400003,35.81331614300008],[46.32732545400006,35.824778043000045],[46.30362244700007,35.82549503300005],[46.29491066800006,35.835147871000075],[46.26106081200004,35.811087097000055],[46.23208591900004,35.81177526500006],[46.21029058400006,35.79461011700007],[46.195843643000046,35.80072528500009],[46.18063079500007,35.797073309000055],[46.149749772000064,35.809958477000094],[46.13353223100006,35.83176584900008],[46.141075913000066,35.84332037600008],[46.11044443900005,35.84670396100008],[46.084380751000026,35.868363191000086],[46.02677879600003,35.83445414800008],[45.99632274100003,35.83519510900004],[45.959597650000035,35.8509582930001],[45.95646593300006,35.83076060700007],[45.94820107500004,35.824274110000054],[45.89744122700006,35.83674959500008],[45.88017487800005,35.83073975500005],[45.87656817100003,35.81373512500007],[45.85489001000008,35.81835412500004],[45.830483342000036,35.81144097600004],[45.79779088500004,35.826004496000074],[45.76377695400004,35.80082522000005],[45.715387304000046,35.86297698600004],[45.71179252100006,35.878846069000076],[45.69544293900003,35.885074915000104],[45.69348523800005,35.89737039700004],[45.68029127900008,35.89782903700008],[45.664885781000066,35.92527402400004],[45.621845646000054,35.95788289800007],[45.60105695100003,35.958739384000076],[45.58902487200004,35.97673831800007],[45.580395345000056,35.97152639000007],[45.556727350000074,35.99590916500007],[45.55608458100005,36.01210375000006],[45.587773592000076,36.04241419700004],[45.56916528700003,36.053276696000076],[45.56886684400007,36.07139293300004],[45.58770442600007,36.07806381100006],[45.59107925500007,36.088814179000074],[45.625301258000036,36.077833137000034],[45.63797331500007,36.083085586000045],[45.65089899000003,36.16184831700011],[45.686563179000075,36.1772279030001],[45.68614817100007,36.19442728400002],[45.715151777000074,36.19461587200006],[45.74298003600006,36.18068656800008],[45.77405727200005,36.18615584600007],[45.83281644400006,36.15003568900006],[45.85077028500007,36.15176440300009],[45.86946320700008,36.173925173000065],[45.880031293410546,36.20719792259704],[45.913276523000036,36.23431602400009],[45.979662842462524,36.2688589853326],[45.971437956000045,36.268409444000035],[45.97202613800005,36.31622306900005],[45.95490570000004,36.38145852800005],[45.958170549000045,36.38795923400004],[45.98154218800005,36.39275247200005],[45.99106566100005,36.427784695000106],[46.01030873600007,36.43364534000008],[46.05557942400003,36.4206600460001],[46.06431907000007,36.44039255100009],[46.09919050600007,36.44407684700008],[46.122206807000055,36.45687096200005],[46.15090243100008,36.459156706000066],[46.15511400300005,36.46637176100008],[46.19895004700004,36.42990980600008],[46.30629285600003,36.37725580500008],[46.37263557800003,36.37170703200009],[46.40845524700006,36.359785185000085],[46.42445776500006,36.37461594700008],[46.441352248000044,36.40730268100006],[46.46006029500006,36.41925389800008],[46.49689962900004,36.419453467000054],[46.53943129676129,36.40017415901004],[46.591913806000036,36.39232187200004],[46.661347133000056,36.400523232000076],[46.66955816600006,36.393681852000064],[46.690767734000076,36.39992770800009],[46.69570628300005,36.40782844200006],[46.70882253900004,36.4053178820001],[46.72589977300004,36.41837495700005],[46.74790396900005,36.40916777000008],[46.754573238000035,36.41699470600003],[46.78305478300007,36.41779183200005],[46.822601278000036,36.43865226900006],[46.84144306700006,36.429403213000086],[46.870492177000074,36.387099826000075],[46.886494353000046,36.37724376700006],[46.89813603600004,36.34461385400005],[46.97370494288902,36.33584014203652],[47.00774282400005,36.321707220000086],[47.092060106000076,36.2556685210001],[47.111788544000035,36.25075851700007],[47.236499371000036,36.25145619300006],[47.31182839000008,36.259275742000064],[47.389076818746865,36.32916354111965],[47.46540986900004,36.3189758440001],[47.525032389000046,36.36282156600005],[47.51176387500004,36.38189308600007],[47.507685062000064,36.402920018000046],[47.51566793300004,36.42628171800004],[47.56036656100008,36.43407880000007],[47.614935857000035,36.426177926000044],[47.62480097700006,36.39727000200003],[47.64122813800003,36.39050088300009],[47.75909918800005,36.37325366800008],[47.913225433000036,36.33261588600007],[47.931496410000086,36.320553793000066],[47.95384382300006,36.27739135900006],[47.92873883100003,36.271877928000066],[47.94274348700004,36.239749539000066],[47.932310561000065,36.22034227500009],[47.94612188600007,36.20885925600004],[47.97121072600004,36.20294944500008],[47.97289565600005,36.168153989000096],[47.99617477800007,36.146465001000024],[47.98474994400004,36.12777355000005],[47.931752181700766,36.08216177605612],[47.956171776000076,36.07765199600005],[47.964091558000064,36.067416158000086],[47.95390044800007,36.04848432000007],[47.93687268100007,36.034810163000046],[47.901522499000066,36.03142199900004],[47.87152260001061,35.99817253799997],[47.94722521800003,35.996077207000056],[47.97360266700008,35.97956037400009],[47.96181083600004,35.96429547400003],[47.90469051200006,35.951563110000066],[47.854706287000056,35.92842558400004],[47.89548988200005,35.879810432000056],[47.925018356000066,35.889480817000056],[47.97958738700004,35.927637573000055],[48.00159973600007,35.930592700000034],[48.04501295400007,35.813615197000054],[48.091713147000064,35.81312500800006],[48.14729448400004,35.779290162000066],[48.201102803000026,35.72890524200007],[48.22906404300005,35.72994421800009],[48.24978782300008,35.722759788000076],[48.290260713000066,35.68598268500007],[48.26514531300006,35.69684245000008],[48.24034241100003,35.69351840100009],[48.17521303500007,35.66925893700005],[48.135244502000035,35.66796416400008],[48.09719690800006,35.64434644100006],[47.973221734013734,35.65705157599994],[47.97183165900003,35.59770655100005],[47.93341854800008,35.57254090400007],[47.88561159900007,35.56845024700006],[47.87291483800004,35.5439232140001],[47.88186669300006,35.49448397500006],[47.89624573200007,35.48899026800007],[47.906314492000035,35.47433580300006],[47.88761203800004,35.444554594000074],[47.93278217568678,35.38250703443791],[48.001757378000036,35.30937985300006],[48.08747313400005,35.27955887200007],[48.10842145000004,35.24956344300007],[48.16598282900003,35.19652592600006],[48.16795566900004,35.1489337730001],[48.16068771600004,35.135343222000095],[48.166109007000045,35.116364976000064],[48.19210486800006,35.08414104600009],[48.19312579000007,35.06125205000007],[48.177620380000064,35.0269940040001],[48.12084768900007,34.967397108000085],[48.08149823700006,34.95063268100008],[48.06814583100004,34.961131474000084],[48.06632848700008,34.98803320000009],[48.03678690600003,34.99538197900009],[48.00011308000006,34.9642524540001],[47.97661424000007,34.96200909400007],[47.94154965400003,34.9704804610001],[47.911697669000034,34.935411440000074],[47.90416453700004,34.94225064500009],[47.875669240000036,34.93313007900012],[47.854832646000034,34.93445112800005],[47.82858909200007,34.945427770000045],[47.81039370700006,34.976679884000106],[47.80011261300007,35.026027648000046],[47.80490313209273,35.058688383243705],[47.74641533800008,35.0542295920001],[47.69664155800007,35.06274299000007],[47.664821934580424,35.096012001811516],[47.545217579004735,35.07952280600004],[47.51254706700007,35.061667657000065],[47.51561071400005,35.04844637700007],[47.507082109000066,35.04319958700007],[47.48553648800004,35.04676850000005],[47.44918164300003,35.037815743000074],[47.44331056100003,35.04633937200004],[47.36733823800006,35.05076276500007],[47.357955778000075,35.04339021600004],[47.36536940900004,35.02817194200005],[47.30596122000003,34.997162083000035],[47.31484547900004,34.93741539200006],[47.28940536700003,34.92934075600005],[47.260978943000055,34.931918953000064],[47.260696187000065,34.94202742600007],[47.23936779826415,34.951767534506715],[47.19533588200005,34.931054603000085],[47.186833946000036,34.938305259000074],[47.18599227900007,34.96288469400003],[47.17417478300007,34.96345527700006],[47.16871350400004,34.96134648000005],[47.18037733600005,34.93401699400006],[47.17180200700005,34.90022860500009],[47.13102785400008,34.89738178600006],[47.11133993800008,34.90474048700003],[47.098021422000045,34.892399131000055],[47.0681780329177,34.88333608171958],[47.098850853000044,34.82276642200005],[47.118783765000046,34.82270785300006],[47.14057531000003,34.79988530900006],[47.119420356000035,34.79466391500008],[47.10043045000003,34.801016602000075],[47.058228470000074,34.79138886500007],[47.06328651500007,34.78178343900005],[47.049028691000046,34.77476709800004],[47.04318009700007,34.76259840100007],[47.05438987100007,34.75691293300004],[47.05037173100004,34.75005351700005],[47.01625837200004,34.754134550000074],[46.99086717500006,34.76568776300007],[46.95760410835947,34.76720342405299],[46.93299346700008,34.75459645100008],[46.880736985000055,34.76150068900007],[46.86998030600006,34.75287680700009],[46.78794332700005,34.73670281300009],[46.746779444000026,34.76291311100005],[46.71365836100006,34.83660306000009],[46.68151885600003,34.85807457200008],[46.64486457100003,34.869123710000075],[46.62858518500008,34.861523523000066],[46.59161405400005,34.88786199000004],[46.555935669000064,34.89575918200008],[46.544549267000036,34.90805024600009],[46.54731331600004,34.920207249000065],[46.52862591600007,34.93445379900006],[46.55509402700005,34.96196579500005],[46.53128780000003,34.987266185000074],[46.575278266000055,35.006095502000065],[46.57449102600019,35.06254274800001],[46.500591221000036,35.04524422100009]]]}},{"type":"Feature","id":"29","properties":{"ostan":"29","province_name":"خراسان جنوبی"},"geometry":{"type":"Polygon","coordinates":[[[59.11836014900007,30.928478508000094],[59.04309475300005,30.985367291000042],[59.01697396700006,31.019386373000053],[58.871667512000045,31.12993195400004],[58.79485056200008,31.179028056000057],[58.757825968000084,31.19211659700007],[58.71759894300004,31.234934850000073],[58.67794391700006,31.25635590300005],[58.63007989200008,31.298715047000044],[58.54162147800009,31.389559754000064],[58.49802915200007,31.415796090000075],[58.448930759000056,31.457951037000054],[58.37857306000007,31.498506459000073],[58.36100783300002,31.53218273700004],[58.27417232100004,31.58090448200008],[58.19270932900008,31.614783940000063],[58.00976222500004,31.67507012700003],[57.972174134000056,31.679392536000105],[57.833051021000074,31.729730678000067],[57.714584208000076,31.753717288000097],[57.67347421000005,31.767990537000074],[57.60905409000003,31.803906202000082],[57.48795406600005,31.834549938000066],[57.322842257000055,31.865286062000067],[57.26018064800007,31.862856187000048],[57.22027597200008,31.86905974000006],[57.01061694600003,31.915110997000067],[56.88970093200004,31.93023843100008],[56.83641992300005,31.95294333000006],[56.66492233200006,31.937404687000054],[56.60245228500003,31.925207461000074],[56.61491845900008,32.028983164000074],[56.628932733000056,32.05399178200004],[56.66589629600003,32.09027364100008],[56.60190240400004,32.15110142900005],[56.48757619200007,32.29580290300004],[56.175251281000044,32.61984115800005],[56.04267692800005,32.71109282100009],[55.93402581500005,32.7438895430001],[55.958867191797324,32.76861871514552],[55.79202667900006,32.854962054000076],[55.675757212000065,32.964962210000095],[55.46573775300004,33.30931287000006],[55.41689666100007,33.37559148400007],[55.40493492100006,33.382402417000044],[55.47358342800004,33.4907746640001],[55.505505191000054,33.530870955000076],[55.532803072000036,33.544116512000095],[55.55999835800003,33.63232247900005],[55.555984217000066,33.71204467800006],[55.50036961600006,33.99990224200009],[55.50070991200005,34.23920991000006],[55.88092592200008,34.24263896000009],[55.926469875000066,34.26425170200003],[55.99244950500008,34.343837540000045],[56.04878933100008,34.49968560400004],[56.07653551700008,34.534317478000055],[56.16893464300006,34.717020097000066],[56.22651949400006,34.789673855000046],[56.22937974100006,34.71116326100004],[56.25081446300004,34.70240083500006],[56.412999884000044,34.68656552900008],[56.50042503800006,34.69089112800004],[56.56550766200007,34.72360958900004],[56.59263394700008,34.724284708000035],[56.74250968800004,34.784247478000054],[56.755819262000045,34.80908493200008],[56.79515270300004,34.84044162400006],[56.81837673500007,34.88038619400004],[56.84207751900004,34.9018209060001],[56.850363110000046,34.91931889800005],[56.845327764000054,34.93027853800005],[56.83442541200003,34.938880713000074],[56.817331753000076,34.93463882300007],[56.83432632900008,34.961355966000056],[56.90026340600008,34.985872824000076],[56.94826366900003,34.982180050000075],[56.98232515800004,35.003675765000054],[57.01616148900007,35.004888735000065],[57.13254467000007,35.062298072000026],[57.227303765000045,35.094928642000085],[57.369476106000036,35.10410096200009],[57.38171693000004,35.11461317600005],[57.41520429000007,35.11252608100008],[57.44929433800007,35.12497671600006],[57.46000684900008,35.12288062000006],[57.48505592900005,35.093831087000076],[57.50327771000007,35.04382333600009],[57.526643900000074,35.01568497000007],[57.542726911000045,35.0107817740001],[57.56475783600007,35.01584498700003],[57.59163071700005,35.00026588400006],[57.618221481000035,34.99490848400009],[57.68760988900004,34.95267719300008],[57.71167730500008,34.925047094000035],[57.76154170400009,34.91581185400002],[57.75445172900005,34.850773689000036],[57.95472889600006,34.88707026500006],[57.929682365000076,34.8529258340001],[57.92867655300006,34.81781171200006],[57.90930415500003,34.76775347500008],[57.89540044600005,34.75003679900005],[57.87543473000006,34.740825867000076],[57.860469410000064,34.70681483900007],[57.85689379300005,34.66965843900006],[57.84622440500005,34.66002553600006],[57.84724882200004,34.578873971000064],[57.78549954500005,34.50722556700005],[57.82304230900007,34.49563230200006],[57.82689760100004,34.469001714000086],[57.806072554000075,34.42899933400003],[57.793228131000035,34.37970746300006],[57.76417858000008,34.34862659500005],[57.88688242600006,34.340864328000094],[57.91104992400006,34.316320196000056],[57.92474314600008,34.318314263000055],[57.980619901000075,34.28755887700004],[58.01373284200009,34.27617180800008],[58.04357365200008,34.281293761000015],[58.12436760300005,34.235772036000085],[58.18469462200005,34.23729378300005],[58.220352862000034,34.220017569000056],[58.24012923200007,34.2426837940001],[58.244932753000064,34.261754369000094],[58.25802994400005,34.26301832700006],[58.26995500000004,34.255174381000096],[58.296122633000046,34.27871081000009],[58.26680760100004,34.30289901300007],[58.359953278000035,34.31698536200003],[58.36945445300007,34.288362774000056],[58.39981159100006,34.25647410500005],[58.41461982800007,34.251671324000064],[58.41725961263267,34.21913254986961],[58.43358720100008,34.19530324100006],[58.431324337000035,34.18662974500008],[58.446920315000064,34.15768578000007],[58.46701044200007,34.13843530000005],[58.45834906300007,34.11353272800009],[58.465348591976635,34.08156967945461],[58.49101084700004,34.07569701500008],[58.515254178000085,34.09075290700005],[58.56978789000022,34.04799222000004],[58.65102682800006,34.06749580100008],[58.64705871300003,34.07380068800008],[58.66882746500006,34.082673086000064],[58.68492651100008,34.098948270000065],[58.738864138000054,34.085606140000046],[58.791452054000054,34.08630897200004],[58.84757636200005,34.10338766900004],[58.888897685000074,34.0786341720001],[58.96726394800003,34.06958431600004],[58.969598716000064,34.07788295000008],[58.99964464600004,34.09937580300005],[59.00202370000005,34.11734848700007],[59.02803291600002,34.11658288700007],[59.033836834000056,34.12684922400009],[59.101133349000065,34.12348192800007],[59.140644061000046,34.10845644400009],[59.17249672200006,34.115953049000076],[59.22097056600006,34.11010869700006],[59.23697133000008,34.09326445300009],[59.29874617000008,34.081094667000066],[59.30331069500245,34.07249346500001],[59.37614837700004,34.110964288000055],[59.40707254500006,34.10014377800007],[59.46866008500007,34.05844955500005],[59.49938546300006,34.045970463000074],[59.640764417000064,34.04983532000008],[59.660535638000056,34.03148649500006],[59.70377307600006,34.03218796600005],[59.80491987500005,34.01090611300005],[59.87434761368256,33.9775388922375],[60.00924269800004,33.97467466900003],[60.10978283300005,33.96169772300006],[60.12260876400007,33.94830741000006],[60.08525460500005,33.90429249800008],[60.1420779778619,33.87500180891095],[60.158467140000035,33.87380048100006],[60.20052529700007,33.89949633400005],[60.21307897900005,33.91724611700006],[60.285683243000044,33.923014767000055],[60.332916793000045,33.94170843900004],[60.38198157600005,33.92051992500007],[60.476644184000065,33.965179661000064],[60.513848118000055,33.97551088900009],[60.57003061000006,33.8201924470001],[60.56500502800003,33.7983902930001],[60.57122749400003,33.754123468000074],[60.56287317700003,33.72263987800006],[60.56740502400004,33.697866892000064],[60.63575710200007,33.56954951400009],[60.66276209100004,33.53260595100005],[60.74994318700004,33.53062186700003],[60.911695446000074,33.5408924000001],[60.947177201000045,33.51279189400004],[60.936331253000056,33.49742412300005],[60.88360897900003,33.50439590400005],[60.86925704800007,33.497761936000096],[60.861950464000074,33.488248023000054],[60.89635431300008,33.47236018600008],[60.89817395200003,33.464696631000066],[60.853707112000045,33.44572888400006],[60.84662546200008,33.433082627000054],[60.84783974000004,33.40805989000009],[60.83499326800007,33.37898310200007],[60.72533113400005,33.28929322700004],[60.665179648000056,33.252568160000095],[60.641265365000045,33.229085437000066],[60.587383344000045,33.137737144000056],[60.654058871451355,32.953949506764246],[60.71016644400004,32.69894565000005],[60.81604770400003,32.47736189900008],[60.855324348000075,32.28462946400005],[60.88149656400003,32.1982911100001],[60.84219131100008,32.067774010000065],[60.821002405000065,32.029272447000054],[60.83104013700006,31.97369969100005],[60.82434604100006,31.95145089700003],[60.82899472800006,31.92672958100009],[60.81883798600007,31.892083170000056],[60.81620894200006,31.751484696000055],[60.82351222000005,31.689338011000093],[60.83922636900008,31.656680292000043],[60.858271201000036,31.483481462000043],[60.84305984600007,31.427774884000033],[60.84656108700006,31.411405617000085],[60.81299601900008,31.36469709400007],[60.79928878000004,31.321032441000085],[60.73873150800006,31.300866177000078],[60.695667126000046,31.30057065200006],[60.67593651100003,31.290500891000086],[60.659756863000034,31.26446145500006],[60.67698873600006,31.225570494000078],[60.64759419400008,31.21985070200003],[60.59399055200004,31.22762462100009],[60.52487830200004,31.199560663000067],[60.431454881407674,31.219441573430696],[60.41140604300005,31.208812101000056],[60.373234426000074,31.217414510000037],[60.34983947800004,31.196546832000045],[60.33696871200005,31.166539616000083],[60.314065224000046,31.165662275000056],[60.29502939800005,31.15723455200004],[60.29108995900003,31.14670097700004],[60.270414962000075,31.148017116000076],[60.23983949800004,31.124518907000052],[60.266475140000075,31.07289737400005],[60.28707398800003,31.05304732400007],[60.26635327100008,31.036393688000047],[60.23846998100004,31.023131125000106],[60.21628197100006,31.02459676300004],[60.19625986300008,31.012266281000063],[60.136333096000044,31.002763931000068],[60.10522347300007,31.011081723000114],[60.080774835000064,31.007064765000077],[60.030263392000045,31.012783326000033],[59.994271389000055,30.96836604000004],[59.97521189300006,30.918001949000033],[59.952488592000066,30.8843028840001],[59.941898474000034,30.76401879900006],[59.87519908400003,30.708694540000096],[59.87384289200003,30.682906090000074],[59.866754445000026,30.676141351000087],[59.81811312500009,30.63783867500008],[59.769825667000084,30.63031845000007],[59.733072950000064,30.608060459000082],[59.712408139000054,30.586710425000046],[59.545375241000045,30.559278496000058],[59.51987017600005,30.548430473000078],[59.488123280000075,30.52293135700008],[59.309662064000065,30.711870317000045],[59.26333895500005,30.793893003000058],[59.11836014900007,30.928478508000094]]]}}]}